secret_religious_society_celtic_pagan;the Hidden Circle;le Cercle Caché;;;;;;;x
secret_religious_society_celtic_pagan_desc;The followers of the Celtic faith have long known persecution, especially from Roman hands. As always, they persevere, even if they must use deception. Though they utter empty prayers to foreign gods, they secretly meet in private chambers and secluded groves to offer devotion and sacrifice to Danu, the Mother and source of life. They keep their faith knowing that some day mighty Taranis the Thunderer will strike down those who have persecuted the faithful.;Les disciples de la foi celtique connaissent depuis longtemps la persécution, surtout des mains romaines. Comme toujours, ils persévèrent, même s'ils doivent utiliser la tromperie. Bien qu'ils prononcent des prières vides aux dieux étrangers, ils se rencontrent secrètement dans des chambres privées et des bosquets isolés pour offrir leur dévouement et faire des sacrifices à Danu, la Mère et source de toute vie. Ils gardent leur foi en sachant qu'un jour le plus puissant Taranis, le maître du tonnerre, abattra ceux qui ont persécuté les fidèles.;;;;;;;x
secret_religious_society_celtic_pagan_reformed;Danu's Faithfull;Fidèle à Danu;;;;;;;x
secret_religious_society_celtic_pagan_reformed_desc;The Druidic faith may be young, but it's followers are no less devout than any other. Even when they must publicly profess faith in false gods, the children of Danu plan and prepare for the day when they might worship the gods in the light of day. They know that none can long stand against might of Lug of the Long Spear, and those that opress them will get what they deserve.;La foi druidique n'est peut-être pas jeune, mais ses adeptes ne sont pas moins dévotes que les autres. Même quand ils doivent professer publiquement la foi avec de faux dieux, les enfants de Danu planifient et préparent le jour où ils adoreront leurs dieux à la lumière du jour. Ils savent qu'aucun ne peut s'opposer longtemps à la force de Lugh, et ceux qui les oppressent obtiendront ce qu'ils méritent.;;;;;;;x
secret_religious_society_hellenic_pagan;the True Hellenes;les Vrais Hellènes;;;;;;;x
secret_religious_society_hellenic_pagan_desc;For centuries the faith of the people of Greece and Rome was followed by millions. Though the number of adherents has dramatically shrunk, those that remain make up for it with their devotion. They deceive the followers of upstart and barbarian gods, though they send their prayers to the Olympians. They have struggled, but the True Hellenes know they will be victorious in the end, because none can stand against the fury of Almighty Zeus.;Pendant des siècles, la foi du peuple de Grèce et de Rome a été suivie par des millions de personnes. Bien que le nombre d'adhérents ait considérablement diminué, ceux qui restent le compensent avec leur dévouement. Ils trompent les adeptes des dieux rebelles et barbares, bien qu'ils envoient leurs prières aux olympiens. Ils ont lutté, mais les vrais Hellènes savent qu'ils seront victorieux à la fin, parce que personne ne peut supporter la fureur du Tout-Puissant Zeus.;;;;;;;x
secret_religious_society_promethean_pagan;the Enlightened;les Illuminés;;;;;;;x
secret_religious_society_promethean_pagan_desc;The Prometheans know that they must stand against the darkness of ignorance. They must preserve the light of enlightenment and Prometheus' wisdom. Theirs is a battle for the very future of the human race. Such a divine mission cannot be taken lightly, so they play the part of the devoted in the company of the ignorant and secretly prepare for the day that they can bring them into the light. In the end, it is light that drives away the darkness.;Les prométhéens savent qu'ils doivent s'opposer à l'obscurité de l'ignorance. Ils doivent conserver la lumière de l'illumination et de la sagesse de Prométhée. La bataille pour l'avenir même de la race humaine. Une telle mission divine ne peut pas être prise à la légère, donc ils jouent le rôle de dévoué en compagnie des ignorants et se préparent secrètement pour le jour où ils peuvent les amener vers la lumière. À la fin, c'est la lumière qui écrase l'obscurité.;;;;;;;x
secret_religious_society_titan_pagan;the Chained;les Enchaînés;;;;;;;x
secret_religious_society_titan_pagan_desc;The Titan Cultist is one who understands toil and bondage. They hold back their righteous fury and look to their gods, bound in Tartarus still by the treacherous Olympians, for the strength to wait. The mighty Titans have lain in Tartarus, bound by divinely wrought chains, for whole ages of time. The least their mortal followers can do is wait for the right moment to strike. When that time comes, none shall miss it, for the very Earth itself will shake with the fury of Kronos.;Le culte des Titans sont ceux qui ont à cœur le labeur et la servitude. On retient d'eux leur fureur et leur dévotion pour leurs dieux, attachés au Tartare encore par les traîtres Olympiens. Les puissants Titans sont allés au Tartare, liés par des chaînes divinement forcées, pour tous les temps. Le moins que leurs mortels peuvent faire est d'attendre le bon moment pour frapper. Quand ce temps est venu, nul ne le manquera car la Terre même sera secoué par la fureur de Kronos.;;;;;;;x
secret_religious_society_egyptian_pagan;the Keepers of Ma'at;les Gardiens de Ma'at;;;;;;;x
secret_religious_society_egyptian_pagan_desc;The followers of Kemetism continue to practice their ancient religion, despite being forced to profess faith in other gods. They organize in secret shrines and hidden chambers, honoring the timeless gods of Egypt. They know that they follow the greatest of gods, ones that led a people to build great monuments while others were still wandering herders. Every day they look up and see the watchful eye of Ra, unblinking and eternal, and their faith remains strong. They know that soon their plans will come to fruition and Ra's burning gaze will scorch the unfaithfull.;Les adeptes du kémetisme continuent à pratiquer leur ancienne religion, en dépit d'être forcés de professer la foi envers d'autres dieux. Ils s'organisent dans des sanctuaires secrets et des chambres cachées, en respectant les dieux intemporels d'Égypte. Ils savent qu'ils suivent le plus grand des dieux, ceux qui ont amené un peuple à construire de grands monuments tandis que d'autres étaient toujours des éleveurs errants. Tous les jours, ils regardent attentivement l'œil de Ra, sans pinceau et éternel, et leur foi reste forte. Ils savent que bientôt leurs plans se concrétiseront et le regard brûlant de Ra brûlera les infidèles.;;;;;;;x
secret_religious_society_aten_pagan;the Speakers of Aten;les Orateurs d'Aton;;;;;;;x
secret_religious_society_aten_pagan_desc;The followers of Aten know that they have always been the few against the many. This does not shake their faith, however. They look up each day at the undeniable truth. Aten is the giver of light, warmth, and life. So, they hide their faith from the deniers of Aten's truth, knowing eachother from the small gold discs they wear as symbols of their devotion. Just as Aten rises every day to scatter the darkness, the Speakers of Aten know that their long night too will end.;Les disciples d'Aton savent qu'ils ont toujours été les quelques-uns contre les nombreux. Cela ne secoue cependant pas leur foi. Ils regardent chaque jour la vérité indéniable. Aton est le donneur de lumière, de chaleur et de la vie. Ainsi, ils cachent leur foi de la vérité d'Aton, se connaissant parmi les petits disques d'or qu'ils portent comme symboles de leur dévouement. Tout comme Aton se lève chaque jour pour disperser l'obscurité, les orateurs d'Aton savent que leur longue nuit finira aussi.;;;;;;;x
############### ;;;;;;;;;;;;;x
secretly_convert_to_celtic_pagan_holy_site;Secretly Convert to Celtic Paganism;Se convertir secrètement au paganisme celtique;;;;;;;;;;;;x
secretly_convert_to_celtic_pagan_holy_site_desc;The §YCeltic Pagan§! shrine in §Y[Root.Location.GetName]§! has drawn my attention of late. It feels ancient, patient, and powerful. It seems to be waiting to reveal it's secrets. I am tempted to listen...;Le sanctuaire des §YCeltiques§! à §Y[Root.Location.GetName]§! a attiré mon attention. Il semble ancien, patient et puissant. Il a l'air d`être prêt à révéler tous ses secrets. Je suis prêt à écouter ...;;;;;;;;;;;;x
secretly_convert_to_celtic_pagan_reformed_holy_site;Secretly Convert to Druidic;Se convertir secrètement au druidisme;;;;;;;;;;;;x
secretly_convert_to_celtic_pagan_reformed_holy_site_desc;The §YDruidic§! pilgrims that flock to the holy site in §Y[Root.Location.GetName]§! impress me with the depth and passion of their faith. I am tempted to convert in secrecy...;Les pèlerins §YDruidique§! qui affluent vers le site saint en §Y[Root.Location.GetName]§! m'impressionnent avec la profondeur et la passion de leur foi. Je suis tenté[Root.GetNoneE] de me convertir en secret...;Die §YDruidic§! Pilger in §Y[Root.Location.GetName]§! beeindrucken mich durch die Tiefe und die Leidenschaft ihres Glaubens. Ich bin versucht, heimlich zu konvertieren ...;;Los peregrinos §YDruidicas§! que acuden en masa al lugar sagrado en §Y[Root.Location.GetName]§! me impresionan con la profundidad y la pasión de su fe. Me tienta convertirme en secreto...;;;;;;;;;x
secretly_convert_to_hellenic_pagan_holy_site;Secretly Convert to Hellenism;Se convertir secrètement à l'hellénisme;;;;;;;;;;;;x
secretly_convert_to_hellenic_pagan_holy_site_desc;The §YHellenic§! holy site in §Y[Root.Location.GetName]§! impress me with it's grandeur. It is as if the ancient gods are waiting for someone to take up their mantle again. I am tempted to convert in secrecy...;Le lieux saint §YHellénique§! à §Y[Root.Location.GetName]§! m'impressionne pour sa grandeur. C'est comme si les dieux anciens attendaient que quelqu'un reprenne leur manteau. Je suis tenté de me convertir en secret ...;;;;;;;;;;;;x
secretly_convert_to_promethean_pagan_holy_site;Secretly Convert to Prometheanism;Se convertir secrètement au prométhéisme;;;;;;;;;;;;x
secretly_convert_to_promethean_pagan_holy_site_desc;The §YPromethean§! pilgrims that flock to the holy site in §Y[Root.Location.GetName]§! impress me with the depth and passion of their faith. I am tempted to convert in secrecy...;Les pèlerins §YProméthéens§!qui affluent vers le site sacré à §Y[Root.Location.GetName]§! m'impressionnent par la profondeur et la passion de leur foi. Je suis tenté de me convertir en secret ...;;;;;;;;;;;;x
secretly_convert_to_titan_pagan_holy_site;Secretly Convert to Titanism;Se convertir secrètement au titanisme;;;;;;;;;;;;x
secretly_convert_to_titan_pagan_holy_site_desc;The §YTitan Cultists§! that flock to the holy site in §Y[Root.Location.GetName]§! impress me with the depth and passion of their faith. I am tempted to convert in secrecy...;Les pèlerins §Ydu Culte des Titans§!qui affluent vers le site sacré à §Y[Root.Location.GetName]§! m'impressionnent par la profondeur et la passion de leur foi. Je suis tenté de me convertir en secret ...;;;;;;;;;;;;x
secretly_convert_to_egyptian_pagan_holy_site;Secretly Convert to Kemetism;Se convertir secrètement au kémétisme;;;;;;;;;;;;x
secretly_convert_to_egyptian_pagan_holy_site_desc;The ancient monuments of the §YKemetic§! gods in §Y[Root.Location.GetName]§! are fascinating. The depth and passion of the builder's devotion impresses me. I am tempted to convert in secrecy...;Les monuments anciens des dieux §YKémétiques§! à §Y[Root.Location.GetName]§! sont fascinants. La profondeur et la passion du dévouement du constructeur m'impressionnent. Je suis tenté de me convertir en secret ...;;;;;;;;;;;;x
secretly_convert_to_aten_pagan_holy_site;Secretly Convert to Atenism;Se convertir secrètement à l'atonisme;;;;;;;;;;;;x
secretly_convert_to_aten_pagan_holy_site_desc;The §YAtenic§! ruins in §Y[Root.Location.GetName]§! impress me with the their grandeur. The builder's devotion to the Aten is visible everywhere. I am tempted to convert in secrecy...;Les ruines §YAtoniques§! à §Y[Root.Location.GetName]§! m'impressionne avec leur grandeur. La dévotion du constructeur à Aton est visible partout. Je suis tenté de me convertir en secret ...;;;;;;;;;;;;x
############### ;;;;;;;;;;;;;x
secret_religious_society_celtic_pagan_currency;Devotion;Dévotion;Hingabe;;Devoción;;;;;;;;;x
secret_religious_society_celtic_pagan_rank_1_female;Faithful;Fidèle;Getreue;;Fiel;;;;x
secret_religious_society_celtic_pagan_rank_2_female;Adherent;Adhérente;Anhängerin;;Seguidora;;;;x
secret_religious_society_celtic_pagan_rank_3_female;Preacher;Prêcheuse;Predigerin;;Predicadora;;;;x
secret_religious_society_celtic_pagan_rank_4_female;Herald;Messagère;Herold;;Mensajera;;;;x
secret_religious_society_celtic_pagan_rank_1_male;Faithful;Fidèle;Getreuer;;Fiel;;;;x
secret_religious_society_celtic_pagan_rank_2_male;Adherent;Adhérent;Anhänger;;Seguidor;;;;x
secret_religious_society_celtic_pagan_rank_3_male;Preacher;Prêcheur;Prediger;;Predicador;;;;x
secret_religious_society_celtic_pagan_rank_4_male;Herald;Messager;Herold;;Mensajero;;;;x
secret_religious_society_celtic_pagan_reformed_currency;Devotion;Dévotion;Hingabe;;Devoción;;;;;;;;;x
secret_religious_society_celtic_pagan_reformed_rank_1_female;Faithful;Fidèle;Getreue;;Fiel;;;;x
secret_religious_society_celtic_pagan_reformed_rank_2_female;Adherent;Adhérente;Anhängerin;;Seguidora;;;;x
secret_religious_society_celtic_pagan_reformed_rank_3_female;Preacher;Prêcheuse;Predigerin;;Predicadora;;;;x
secret_religious_society_celtic_pagan_reformed_rank_4_female;Herald;Messagère;Herold;;Mensajera;;;;x
secret_religious_society_celtic_pagan_reformed_rank_1_male;Faithful;Fidèle;Getreuer;;Fiel;;;;x
secret_religious_society_celtic_pagan_reformed_rank_2_male;Adherent;Adhérent;Anhänger;;Seguidor;;;;x
secret_religious_society_celtic_pagan_reformed_rank_3_male;Preacher;Prêcheur;Prediger;;Predicador;;;;x
secret_religious_society_celtic_pagan_reformed_rank_4_male;Herald;Messager;Herold;;Mensajero;;;;x
secret_religious_society_hellenic_pagan_currency;Devotion;Dévotion;Hingabe;;Devoción;;;;;;;;;x
secret_religious_society_hellenic_pagan_rank_1_female;Faithful;Fidèle;Getreue;;Fiel;;;;x
secret_religious_society_hellenic_pagan_rank_2_female;Adherent;Adhérente;Anhängerin;;Seguidora;;;;x
secret_religious_society_hellenic_pagan_rank_3_female;Preacher;Prêcheuse;Predigerin;;Predicadora;;;;x
secret_religious_society_hellenic_pagan_rank_4_female;Herald;Messagère;Herold;;Mensajera;;;;x
secret_religious_society_hellenic_pagan_rank_1_male;Faithful;Fidèle;Getreuer;;Fiel;;;;x
secret_religious_society_hellenic_pagan_rank_2_male;Adherent;Adhérent;Anhänger;;Seguidor;;;;x
secret_religious_society_hellenic_pagan_rank_3_male;Preacher;Prêcheur;Prediger;;Predicador;;;;x
secret_religious_society_hellenic_pagan_rank_4_male;Herald;Messager;Herold;;Mensajero;;;;x
secret_religious_society_promethean_pagan_currency;Devotion;Dévotion;Hingabe;;Devoción;;;;;;;;;x
secret_religious_society_promethean_pagan_rank_1_female;Faithful;Fidèle;Getreue;;Fiel;;;;x
secret_religious_society_promethean_pagan_rank_2_female;Adherent;Adhérente;Anhängerin;;Seguidora;;;;x
secret_religious_society_promethean_pagan_rank_3_female;Preacher;Prêcheuse;Predigerin;;Predicadora;;;;x
secret_religious_society_promethean_pagan_rank_4_female;Herald;Messagère;Herold;;Mensajera;;;;x
secret_religious_society_promethean_pagan_rank_1_male;Faithful;Fidèle;Getreuer;;Fiel;;;;x
secret_religious_society_promethean_pagan_rank_2_male;Adherent;Adhérent;Anhänger;;Seguidor;;;;x
secret_religious_society_promethean_pagan_rank_3_male;Preacher;Prêcheur;Prediger;;Predicador;;;;x
secret_religious_society_promethean_pagan_rank_4_male;Herald;Messager;Herold;;Mensajero;;;;x
secret_religious_society_titan_pagan_currency;Devotion;Dévotion;Hingabe;;Devoción;;;;;;;;;x
secret_religious_society_titan_pagan_rank_1_female;Faithful;Fidèle;Getreue;;Fiel;;;;x
secret_religious_society_titan_pagan_rank_2_female;Adherent;Adhérente;Anhängerin;;Seguidora;;;;x
secret_religious_society_titan_pagan_rank_3_female;Preacher;Prêcheuse;Predigerin;;Predicadora;;;;x
secret_religious_society_titan_pagan_rank_4_female;Herald;Messagère;Herold;;Mensajera;;;;x
secret_religious_society_titan_pagan_rank_1_male;Faithful;Fidèle;Getreuer;;Fiel;;;;x
secret_religious_society_titan_pagan_rank_2_male;Adherent;Adhérent;Anhänger;;Seguidor;;;;x
secret_religious_society_titan_pagan_rank_3_male;Preacher;Prêcheur;Prediger;;Predicador;;;;x
secret_religious_society_titan_pagan_rank_4_male;Herald;Messager;Herold;;Mensajero;;;;x
secret_religious_society_egyptian_pagan_currency;Devotion;Dévotion;Hingabe;;Devoción;;;;;;;;;x
secret_religious_society_egyptian_pagan_rank_1_female;Faithful;Fidèle;Getreue;;Fiel;;;;x
secret_religious_society_egyptian_pagan_rank_2_female;Adherent;Adhérente;Anhängerin;;Seguidora;;;;x
secret_religious_society_egyptian_pagan_rank_3_female;Preacher;Prêcheuse;Predigerin;;Predicadora;;;;x
secret_religious_society_egyptian_pagan_rank_4_female;Herald;Messagère;Herold;;Mensajera;;;;x
secret_religious_society_egyptian_pagan_rank_1_male;Faithful;Fidèle;Getreuer;;Fiel;;;;x
secret_religious_society_egyptian_pagan_rank_2_male;Adherent;Adhérent;Anhänger;;Seguidor;;;;x
secret_religious_society_egyptian_pagan_rank_3_male;Preacher;Prêcheur;Prediger;;Predicador;;;;x
secret_religious_society_egyptian_pagan_rank_4_male;Herald;Messager;Herold;;Mensajero;;;;x\
secret_religious_society_aten_pagan_currency;Devotion;Dévotion;Hingabe;;Devoción;;;;;;;;;x
secret_religious_society_aten_pagan_rank_1_female;Faithful;Fidèle;Getreue;;Fiel;;;;x
secret_religious_society_aten_pagan_rank_2_female;Adherent;Adhérente;Anhängerin;;Seguidora;;;;x
secret_religious_society_aten_pagan_rank_3_female;Preacher;Prêcheuse;Predigerin;;Predicadora;;;;x
secret_religious_society_aten_pagan_rank_4_female;Herald;Messagère;Herold;;Mensajera;;;;x
secret_religious_society_aten_pagan_rank_1_male;Faithful;Fidèle;Getreuer;;Fiel;;;;x
secret_religious_society_aten_pagan_rank_2_male;Adherent;Adhérent;Anhänger;;Seguidor;;;;x
secret_religious_society_aten_pagan_rank_3_male;Preacher;Prêcheur;Prediger;;Predicador;;;;x
secret_religious_society_aten_pagan_rank_4_male;Herald;Messager;Herold;;Mensajero;;;;x
secret_religious_community_celtic_pagan;Secret Celtic Pagan Community;Communauté païenne celtique secrète;;;;;;;;;;;;x
secret_celtic_pagan_community;Secret Celtic Pagan Community;Communauté celtique païen secrète;Geheime Keltischen heidnischen Gemeinde;;Comunidad celtico pagano secreta;;;;;;;;;x
secret_celtic_pagan_community_desc;In secret, Celtic faithfuls have organized themselves as a community in this province. From there it converts others, grows, and protects their own.;Des fidèles celtique ont secrètement formé une communauté dans cette province. Ils y convertissent les autres personnes et protègent les leurs.;In dieser Provinz haben sich Anhänger des keltischen heidnischen Glaubens heimlich zu einer Gemeinde organisiert. Von dort aus bekehrt diese Gemeinde andere, wird immer größer und beschützt ihre Mitglieder.;;Los fieles de celtico pagano han creado una comunidad secreta en esta provincia. De este modo convierten a otros, crecen y protegen a los suyos.;;;;;;;;;x
secret_celtic_pagan_reformed_community;Secret Druidic Community;Communauté druidique secrète;Geheime druidiche Gemeinde;;Comunidad druida secreta;;;;;;;;;x
secret_celtic_pagan_reformed_community_desc;In secret, Druidic faithfuls have organized themselves as a community in this province. From there it converts others, grows, and protects their own.;Des fidèles druidiques ont secrètement formé une communauté dans cette province. Ils y convertissent les autres personnes et protègent les leurs.;In dieser Provinz haben sich Anhänger des druidisch Glaubens heimlich zu einer Gemeinde organisiert. Von dort aus bekehrt diese Gemeinde andere, wird immer größer und beschützt ihre Mitglieder.;;Los fieles de Druida han creado una comunidad secreta en esta provincia. De este modo convierten a otros, crecen y protegen a los suyos.;;;;;;;;;x
secret_hellenic_pagan_community;Secret Hellenic Community;Communauté hellénique secrète;Geheime Hellenisch heidnischen Gemeinde;;Comunidad hellenico pagano secreta;;;;;;;;;x
secret_hellenic_pagan_community_desc;In secret, Hellenic faithfuls have organized themselves as a community in this province. From there it converts others, grows, and protects their own.;Des fidèles helléniques ont secrètement formé une communauté dans cette province. Ils y convertissent les autres personnes et protègent les leurs.;In dieser Provinz haben sich Anhänger des hellenisch heidnischen Glaubens heimlich zu einer Gemeinde organisiert. Von dort aus bekehrt diese Gemeinde andere, wird immer größer und beschützt ihre Mitglieder.;;Los fieles de hellenico pagano han creado una comunidad secreta en esta provincia. De este modo convierten a otros, crecen y protegen a los suyos.;;;;;;;;;x
secret_promethean_pagan_community;Secret Promethean Pagan Community;Communauté prométhéenne secrète;Geheime Promethean heidnischen Gemeinde;;Comunidad Promethean pagano secreta;;;;;;;;;x
secret_promethean_pagan_community_desc;In secret, Promethean faithfuls have organized themselves as a community in this province. From there it converts others, grows, and protects their own.;Des fidèles prométhéens ont secrètement formé une communauté dans cette province. Ils y convertissent les autres personnes et protègent les leurs.;In dieser Provinz haben sich Anhänger des Promethean heidnischen Glaubens heimlich zu einer Gemeinde organisiert. Von dort aus bekehrt diese Gemeinde andere, wird immer größer und beschützt ihre Mitglieder.;;Los fieles de Promethean pagano han creado una comunidad secreta en esta provincia. De este modo convierten a otros, crecen y protegen a los suyos.;;;;;;;;;x
secret_titan_pagan_community;Secret Titan Pagan Community;Communauté du culte des Titans secrète;Geheime Titan heidnischen Gemeinde;;Comunidad Titán pagano secreta;;;;;;;;;x
secret_titan_pagan_community_desc;In secret, Titan faithfuls have organized themselves as a community in this province. From there it converts others, grows, and protects their own.;Des fidèles du culte des Titans ont secrètement formé une communauté dans cette province. Ils y convertissent les autres personnes et protègent les leurs.;In dieser Provinz haben sich Anhänger des Titan heidnischen Glaubens heimlich zu einer Gemeinde organisiert. Von dort aus bekehrt diese Gemeinde andere, wird immer größer und beschützt ihre Mitglieder.;;Los fieles de Titán pagano han creado una comunidad secreta en esta provincia. De este modo convierten a otros, crecen y protegen a los suyos.;;;;;;;;;x
secret_egyptian_pagan_community;Secret Kemetic Pagan Community;Communauté kémétique secrète;Geheime Kemetisch heidnischen Gemeinde;;Comunidad celtico pagano secreta;;;;;;;;;x
secret_egyptian_pagan_community_desc;In secret, Kemetic faithfuls have organized themselves as a community in this province. From there it converts others, grows, and protects their own.;Des fidèles kémete ont secrètement formé une communauté dans cette province. Ils y convertissent les autres personnes et protègent les leurs.;In dieser Provinz haben sich Anhänger des Kemetisch heidnischen Glaubens heimlich zu einer Gemeinde organisiert. Von dort aus bekehrt diese Gemeinde andere, wird immer größer und beschützt ihre Mitglieder.;;Los fieles de Kemetic pagano han creado una comunidad secreta en esta provincia. De este modo convierten a otros, crecen y protegen a los suyos.;;;;;;;;;x
secret_aten_pagan_community;Secret Aten Pagan Community;Communauté atonique secrète;Geheime Atenisch heidnischen Gemeinde;;Comunidad Atenico pagano secreta;;;;;;;;;x
secret_aten_pagan_community_desc;In secret, Atenic faithfuls have organized themselves as a community in this province. From there it converts others, grows, and protects their own.;Des fidèles atonique ont secrètement formé une communauté dans cette province. Ils y convertissent les autres personnes et protègent les leurs.;In dieser Provinz haben sich Anhänger des Atenisch heidnischen Glaubens heimlich zu einer Gemeinde organisiert. Von dort aus bekehrt diese Gemeinde andere, wird immer größer und beschützt ihre Mitglieder.;;Los fieles de Atenico pagano han creado una comunidad secreta en esta provincia. De este modo convierten a otros, crecen y protegen a los suyos.;;;;;;;;;x
secret_religious_society_celtic_pagan_leader_desc;A High Priest in $SOCIETY|Y$;Un grand prêtre dans $SOCIETY|Y$;Hohepriester von $SOCIETY|Y$;;Sumo sacerdote de $SOCIETY|Y$;;;;;;;;;x
secret_religious_society_celtic_pagan_reformed_leader_desc;A High Priest in $SOCIETY|Y$;Un grand prêtre dans $SOCIETY|Y$;Hohepriester von $SOCIETY|Y$;;Sumo sacerdote de $SOCIETY|Y$;;;;;;;;;x
secret_religious_society_hellenic_pagan_leader_desc;TA High Priest in $SOCIETY|Y$;Un grand prêtre dans $SOCIETY|Y$;Hohepriester von $SOCIETY|Y$;;Sumo sacerdote de $SOCIETY|Y$;;;;;;;;;x
secret_religious_society_promethean_pagan_leader_desc;A High Priest in $SOCIETY|Y$;Un grand prêtre dans $SOCIETY|Y$;Hohepriester von $SOCIETY|Y$;;Sumo sacerdote de $SOCIETY|Y$;;;;;;;;;x
secret_religious_society_titan_pagan_leader_desc;A High Priest in $SOCIETY|Y$;Un grand prêtre dans $SOCIETY|Y$;Hohepriester von $SOCIETY|Y$;;Sumo sacerdote de $SOCIETY|Y$;;;;;;;;;x
secret_religious_society_egyptian_pagan_leader_desc;A High Priest in $SOCIETY|Y$;Un grand prêtre dans $SOCIETY|Y$;Hohepriester von $SOCIETY|Y$;;Sumo sacerdote de $SOCIETY|Y$;;;;;;;;;x
secret_religious_society_aten_pagan_leader_desc;A High Priest in $SOCIETY|Y$;Un grand prêtre dans $SOCIETY|Y$;Hohepriester von $SOCIETY|Y$;;Sumo sacerdote de $SOCIETY|Y$;;;;;;;;;x
mnm.3225.ancrel;In an effort to convince the court of my commitment to [Root.Religion.GetHighGodName], I have gone to [Root.GetHouseOfWorship], to make an offering at the altar of the gods. A [Root.Religion.GetPriestTitle] eyes me warily as I walk up the steps and enter the building. May [Root.GetTrueReligionHighGod] forgive me, but I need to make a good impression here.;Dans un effort visant à convaincre la Cour de mon engagement envers [Root.Religion.GetHighGodName], je suis devant l'entrée [Root.GetHouseOfWorshipDuDela] pour laisser une offrande à l'autel des dieux. Un [Root.Religion.GetPriestTitle] me regarde avec méfiance alors que je gravis les marches et entre dans le bâtiment. Que [Root.GetTrueReligionHighGod] me pardonne, mais je dois faire bonne impression ici.;Um den Hof von meiner Hingabe zu [Root.Religion.GetHighGodName] zu überzeugen, bin ich zum/zur [Root.GetHouseOfWorship] gegangen, um am Altar der Götter eine Opfergabe darzubringen. Ein/e [Root.Religion.GetPriestTitle] schaut mich misstrauisch an, als ich die Stufen hinaufsteige und das Gebäude betrete. Möge [Root.GetTrueReligionHighGod] mir vergeben, aber ich muss hier einen guten Eindruck machen.;;En un intento de convencer a la corte de mi compromiso con [Root.Religion.GetHighGodName], he ido al templo para hacer una ofrenda en el altar de los dioses. El religioso me observa con recelo mientras subo los peldaños y entro en el edificio. Que [Root.GetTrueReligionHighGod] me perdone, pero debo dar una buena impresión.;;;;;x
mnm.3226.ancrel;As I step up in front of them, my people eye me carefully. They depend on their [Root.GetTitle], and [Root.GetHerHis] connection to [Root.Religion.GetHighGodName], to guide them. The [Root.Religion.GetPriestTitle] nods at me, and I stare into the flames of the altar candle lights for a moment. When I finally speak, I imagine that I am praising [Root.GetTrueReligionHighGod] – unsurprising, my words have never seemed more true.;En me levant devant eux, mon peuple me regarde attentivement. Ils comptent sur leur [Root.GetTitle] et sur sa connexion avec [Root.Religion.GetHighGodName] pour les guider. Le [Root.Religion.GetPriestTitle] m'encourage d'un hochement de tête, et je fixe les flammes des bougies de l'autel pendant un moment. Quand je parle enfin, j'imagine que je loue [Root.GetTrueReligionHighGod] – sans surprise, mes paroles n'ont jamais semblé plus vraies.;Als ich zum Altar hochgehe, beobachten mich meine Untertanen aufmerksam. Sie sind von mir als [Root.GetTitle] und meiner Verbindung zu [Root.Religion.GetHighGodName] abhängig, damit ich sie richtig führe. Der/die [Root.Religion.GetPriestTitle] nickt mir zu, und ich starre für eine Weile in die Flammen der Kerzen des Altars. Als ich schließlich zu reden beginne, stelle ich mir vor, [Root.GetTrueReligionHighGod] zu preisen, und es überrascht mich nicht, dass es mir so vorkommt, als hätte ich noch nie wahrere Worte gesprochen.;;"Cuando me coloco ante los fieles, me miran con atención. Cuentan con su [Root.GetTitle] y con su conexión con [Root.Religion.GetHighGodName] para guiarlos. El religioso me mira y asiente, y yo observo las llamas de las velas del altar durante un momento. Al fin empiezo a hablar e imagino que alabo a [Root.GetTrueReligionHighGod] como era de esperar, mis palabras nunca han parecido tan ciertas.";;;;;x
mnm.3227.ancrel;As I step up to the altar, the [Root.Religion.GetGroupName]s eye me warily. They depend upon me, as [Root.GetTitle] and my connection to [Root.Religion.GetHighGodName], to guide them. The [Root.Religion.GetPriestTitle] nods solemnly at me. I look up at the ornamental windows of the [Root.GetHouseOfWorship], silently begging [Root.GetTrueReligionHighGod] for some surge of inspiration – it never comes. I run off the stage, leaving rows of people confused.;Alors que je monte vers l'autel, les [Root.Religion.GetGroupName]s m'observent avec méfiance. Ils comptent sur moi, en tant que [Root.GetTitle] et sur ma connexion avec [Root.Religion.GetHighGodName] pour les guider. Le [Root.Religion.GetPriestTitle] me fait un signe solennel. Je regarde les fenêtres ornementales [Root.GetHouseOfWorshipDuDela], en suppliant silencieusement [Root.GetTrueReligionHighGod] pour une certaine poussée d'inspiration – qui ne vient jamais. Je cours hors de la scène, laissant des rangées de gens confus.;Als ich zum Altar hochgehe, beobachten mich die Anhänger der Religion [Root.Religion.GetName] misstrauisch. Sie sind von mir als [Root.GetTitle] und meiner Verbindung zu [Root.Religion.GetHighGodName] abhängig, damit ich sie richtig führe. Der/die [Root.Religion.GetPriestTitle] nickt mir feierlich zu. Ich schaue zu den verzierten Fenstern im/in der [Root.GetHouseOfWorship] hinauf und bitte [Root.GetTrueReligionHighGod] stumm um eine Eingebung, doch diese Eingebung kommt einfach nicht. Ich renne von der Bühne und lasse die Reihen der Anwesenden verwirrt hinter mir zurück.;;Cuando subo al altar, los [Root.Religion.GetGroupName] me observan con recelo. Cuentan conmigo como [Root.GetTitle], y con mi conexión con [Root.Religion.GetHighGodName] para guiarlos. El religioso me mira y asiente con solemnidad. Alzo la vista hacia las ventanas ornamentales de [Root.GetHouseOfWorship], suplicando en silencio a [Root.GetTrueReligionHighGod] una pizca de inspiración... pero no llega. Bajo corriendo de la tarima, dejando a filas de asistentes confundidos.;;;;;x
mnm.3228.ancrel;I step up to the altar and make a quick decision – as I reach the center of the stage I collapse to the floor. The worshipers gasp as I, their [Root.GetTitle], begin quoting [Root.Religion.GetScriptureName]. I roll my eyes back as I speak, as if confronting the skies themselves. When my last words ring out, everyone seems to be holding their breath. For a moment I worry that my stunt has failed. Then the [Root.Religion.GetPriestTitle] exclaims "A VISION! My [Root.GetLordLady], let me help you stand!";Je m'approche de l'autel et je prends une décision rapide – en arrivant au centre de la scène, je m'effondre au sol. Les adorateurs halètent alors que moi, leur [Root.GetTitle], commence à citer [Root.Religion.GetScriptureName]. Je révulse mes yeux et parle, comme si j'étais confronté[Root.GetNoneE] aux cieux eux-mêmes. Quand mes derniers mots retentissent, tout le monde semble retenir son souffle. Pendant un instant, j'ai peur que mon petit tour ait échoué. Puis, le [Root.Religion.GetPriestTitle] s'écrie : "UNE VISION ! M[Root.GetOnA][Root.GetLordLady], laissez-moi vous aider à vous tenir debout !";"Ich gehe zum Altar hoch und treffe blitzschnell eine Entscheidung. Als ich die Mitte der Bühne erreiche, breche ich einfach zusammen. Die Gläubigen schnappen nach Luft, als ich, ihr/e [Root.GetTitle], anfange, aus der Schrift [Root.Religion.GetScriptureName] zu zitieren. Ich verdrehe meine Augen nach hinten, während ich spreche, als würde ich mich an den Himmel selbst wenden. Als meine letzten Worte verklingen, scheinen alle den Atem anzuhalten. Einen Moment lang mache ich mir Sorgen, dass mein Trick vielleicht misslungen ist. Doch dann ruft der/die [Root.Religion.GetPriestTitle]: "EINE VISION! Mein/e [Root.GetLordLady], lasst mich Euch auf die Füße helfen!";;"Me subo al altar y tomo una rápida decisión: cuando alcanzo el centro de la tarima, me desplomo en el suelo. A los adoradores se les corta la respiración cuando yo, su [Root.GetTitle], empiezo a citar las sagradas escrituras. Pongo los ojos en blanco mientras hablo, como si estuviera viendo los cielos mismos. Cuando pronuncio las últimas palabras, todos siguen aguantando el aliento. Por un momento temo que mi ardid haya fracasado. Entonces el religioso exclama: "¡Una visión! Mi [Root.GetLordLady], deja que te ayude a ponerte en pie!".";;;;;x
mnm.3229.ancrel;I step forwards and make a bold decision – as I reach a group of people I collapse to the floor. The worshipers gasp as I, their [Root.GetTitle], begin quoting fragments of [Root.Religion.GetScriptureName]. I roll my eyes back as I speak, as if confronting the skies themselves. When my last words ring out, they start to whisper. For a moment I am convinced that my stunt has succeeded. Then the [Root.Religion.GetPriestTitle] prods at me. "Uhm, my [Root.GetLordLady]? Let's get you back onto your feet.";Je fais un pas en avant et prends une décision audacieuse – lorsque j'atteins un groupe de gens, je m'effondre au sol. Les adorateurs halètent alors que moi, leur [Root.GetTitle], commence à citer [Root.Religion.GetScriptureName]. Je révulse mes yeux et parle, comme si j'étais confronté[Root.GetNoneE] aux cieux eux-mêmes. Quand mes derniers mots retentissent, ils commencent à chuchoter. Pendant un instant, je suis convaincu[Root.GetNoneE] que mon petit tour a réussi. Puis le [Root.Religion.GetPriestTitle] me secoue pour voir si je réagis. "Uhm, M[Root.GetOnA][Root.GetLordLady] ? On va vous aider à vous relever.";"Ich trete nach vorne und treffe eine kühne Entscheidung. Als ich eine Gruppe von Leuten erreiche, breche ich einfach zusammen. Die Gläubigen schnappen nach Luft, als ich, ihr/e [Root.GetTitle], anfange, Auszüge aus der Schrift [Root.Religion.GetScriptureName] zu zitieren. Ich verdrehe meine Augen nach hinten, während ich spreche, als würde ich mich an den Himmel selbst wenden. Als meine letzten Worte verklingen, beginnen die Leute zu wispern. Einen Moment lang bin ich davon überzeugt, dass mein Trick gelungen ist. Doch dann stößt mich der/die [Root.Religion.GetPriestTitle] an: "Äh, mein/e [Root.GetLordLady]? Lasst mich Euch wieder auf die Füße helfen.";;"Avanzo y tomo una atrevida decisión: cuando llego hasta un grupo de gente, me desplomo en el suelo. A los adoradores se les corta la respiración cuando yo, su [Root.GetTitle], empiezo a citar fragmentos de las sagradas escrituras. Pongo los ojos en blanco mientras hablo, como si estuviera viendo los cielos mismos. Cuando pronuncio las últimas palabras, empiezan a susurrar. Por un momento creo que mi ardid ha funcionado. Entonces el religioso exclama: "Eh... ¿mi [Root.GetLordLady]? Te ayudaré a levantarte".";;;;;x
############### The Petitioners ;;;;;;;;;;;;;x
unseelie_petitioners;Petitioners of the Unseelie Court;Les requérants de la Cour des Unseelies;;;;;;;;;;;;x
unseelie_petitioners_desc;There are those among us who honor the darkest and most sinister of the Otherworlders. These Petitioners revel in the chaos, bloodshed, and hedonism demanded of them by the Unseelie Court. Unfortunately it seems the Unseelie are pleased by the havoc their mortal followers cause, as there are disturbing rumors surrounding the Petitioners, of dark magic and unnaturally long lives...;Il y a ceux parmi nous qui honorent des êtres les plus sombres et les plus sinistres des Autres mondes. Ces requérants se révèlent dans le chaos, le sang et l'hédonisme qui leur ont été demandés par la Cour des Unseelies. Malheureusement, il semble que les Unseelies soient satisfaits des ravages causés par leurs compagnons mortels, car il y a des rumeurs inquiétantes entourant les pétitionnaires, parlant de magie noire et avec des vies anormalement longues ...;;;;;;;;;;;;x
currency_name_unseelie_petitioners;Dark Power;Pouvoir sombre;;;;;;;;;;;;x
unseelie_petitioners_rank_1_female;Abjurer;Apostate;Bannmagierin;;Apóstata;;;;x
unseelie_petitioners_rank_2_female;Conjurer;Sorcière;Beschwörerin;;Conjuradora;;;;x
unseelie_petitioners_rank_3_female;Priestess;Prêtresse;Priesterin;;Sacerdotisa;;;;x
unseelie_petitioners_rank_4_female;High Priestess;Grande prêtresse;Hohepriesterin;;Suma sacerdotisa;;;;x
unseelie_petitioners_rank_1_male;Abjurer;Apostat;Bannmagier;;Apóstata;;;;x
unseelie_petitioners_rank_2_male;Conjurer;Sorcier;Beschwörer;;Conjurador;;;;x
unseelie_petitioners_rank_3_male;Priest;Prêtre;Priester;;Sacerdote;;;;x
unseelie_petitioners_rank_4_male;High Priest;Grand prêtre;Hohepriester;;Sumo sacerdote;;;;x
unseelie_petitioners_leader_desc;[GetSocietyLeaderDesc];[GetSocietyLeaderDesc];;;;;;;;;;;;x
unseelie_recruit_block_tooltip;Has not been approached by the Unseelie Petitioners before.;N'a pas été abordé par les pétitionnaires Unseelies avant.;;;;;;;;;;;;x
unseelie_petitioners_recruit;Recruit to the Unseelie Petitioners;Recruter auprès des pétitionnaires Unseelies;;;;;;;;;;;;x
unseelie_petitioners_recruit_desc;Attempt to find out whether §Y[Root.GetTitledFirstName]§! is open to the power of the occult. If so, you may invite [Root.GetHerHim] to become a Petitioner.;Essayez de savoir si§Y[Root.GetTitledFirstName]§! est prêt au pouvoir de l'occulte. Si c'est le cas, vous pouvez l'inviter à devenir un requérant.;;;;;;;;;;;;x
############### The Coven ;;;;;;;;;;;;;x
the_coven;The Coven of Hecate;L'Assemblée d'Hécate;;;;;;;;;;;;x
the_coven_desc;The witches and warlocks of The Coven live in defiance of the traditional gods of their people. They laugh at the Olympians' ordered universe, they sneer at Prometheus' promise of enlightenment, and they mock the Titan's futile rage. Instead they turn to Hecate, the goddess of magic. In moonlit groves and secret chambers they make sinister pacts to their goddess and commit acts of debauchery and murder. If that wasn't enough, they are said to posess powerful curses and unnaturally long lives...;Les sorcières de cette Assemblée vivent au mépris des dieux traditionnels de leur peuple. Ils se moquent de l'univers ordonné des Olympiens, ils se moquent de la promesse de l'illumination de Prométhée et se moquent de la futilité des Titans. Au lieu de cela, ils se tournent vers Hécate, la déesse de la magie. Dans les bosquets éclairés par la lune et les chambres secrètes, ils font des pactes sinistres à leur déesse et commettent des actes de débauche et de meurtre. Si cela ne suffisait pas, on dit qu'ils posent des malédictions puissantes et ont des vies anormalement longues ...;;;;;;;;;;;;x
currency_name_the_coven;Dark Power;Pouvoir sombre;;;;;;;;;;;;x
the_coven_rank_1_female;Abjurer;Apostate;Bannmagierin;;Apóstata;;;;x
the_coven_rank_2_female;Conjurer;Sorcière;Beschwörerin;;Conjuradora;;;;x
the_coven_rank_3_female;Priestess;Prêtresse;Priesterin;;Sacerdotisa;;;;x
the_coven_rank_4_female;High Priestess;Grande prêtresse;Hohepriesterin;;Suma sacerdotisa;;;;x
the_coven_rank_1_male;Abjurer;Apostat;Bannmagier;;Apóstata;;;;x
the_coven_rank_2_male;Conjurer;Sorcier;Beschwörer;;Conjurador;;;;x
the_coven_rank_3_male;Priest;Prêtre;Priester;;Sacerdote;;;;x
the_coven_rank_4_male;High Priest;Grand prêtre;Hohepriester;;Sumo sacerdote;;;;x
the_coven_leader_desc;[GetSocietyLeaderDesc];[GetSocietyLeaderDesc];;;;;;;;;;;;x
the_coven_recruit_block_tooltip;Has not been approached by The Coven before.;N'a pas été abordé par l'Assemblée avant.;;;;;;;;;;;;x
the_coven_recruit;Recruit to The Coven;Recruter auprès de l'Assemblée;;;;;;;;;;;;x
the_coven_recruit_desc;Attempt to find out whether §Y[Root.GetTitledFirstName]§! is open to the power of the occult. If so, you may invite [Root.GetHerHim] to become a member of The Coven.;Essayez de savoir si§Y[Root.GetTitledFirstName]§! est prêt au pouvoir de l'occulte. Si c'est le cas, vous pouvez l'inviter à devenir un membre de l'Assemblée.;;;;;;;;;;;;x
############### The Fangs of Apep;;;;;;;;;;;;;x
the_sand_snakes;The Fangs of Apep;Les Crocs d'Apep;;;;;;;;;;;;x
the_sand_snakes_desc;Those who serve the Great Serpent hide in our midst, dedicating their depravities and perfidies to their Lord Apep. Every transgression is a hymn, every murder a roar of defiance against the peace and order of [Root.Religion.GetHighGodName]. Apep rewards such dark sacraments handsomely – witches are said to be gifted with unnatural lifespans and all manner of demonic powers.;Ceux qui servent le Grand Serpent se cachent au milieu de nous, consacrant leurs dépravations et perfidies à leur Seigneur Apep. Chaque transgression est un hymne, chaque assassinat un rugissement de défi contre la parole [Root.GetHighGodDuDelaDes]. Apep récompense généreusement de tels sombres sacrements – les sorciers sont dits dotés d'une durée de vie anormale et de pouvoirs démoniaques.;Die Jünger des Große Schlange verstecken sich in unserer Mitte und huldigen in perfider Verderbtheit Apep, ihrem Herrn. Jede Sünde ist ihnen Hymnus, jeder Mord ein Aufschrei gegen das Wort von [Root.Religion.GetHighGodNameCap]. Apep belohnt die Priester seiner dunklen Sakramente fürstlich: So heißt es, dass er Hexen ein unnatürlich langes Leben schenkt und ihnen alle möglichen dämonischen Kräfte verleiht.;;Aquellos que sirven al Gran Serpiente se ocultan entre nosotros, dedicando sus depravaciones y perfidias a su señor, Apep. Cada transgresión es un himno cada asesinato es un rugido de desafío contra la palabra de [Root.Religion.GetHighGodNameCap]. Apep recompensa esos sacramentos oscuros generosamente: se dice que las brujas están dotadas de una vida antinatural y de toda clase de poderes demoníacos.";;;;x
currency_name_the_sand_snakes;Dark Power;Pouvoir sombre;;;;;;;;;;;;x
the_sand_snakes_leader_desc;[GetSocietyLeaderDesc];[GetSocietyLeaderDesc];;;;;;;;;;;;x
the_sand_snakes_rank_1_female;Abjurer;Apostate;Bannmagierin;;Apóstata;;;;x
the_sand_snakes_rank_2_female;Conjurer;Sorcière;Beschwörerin;;Conjuradora;;;;x
the_sand_snakes_rank_3_female;Priestess;Prêtresse;Priesterin;;Sacerdotisa;;;;x
the_sand_snakes_rank_4_female;Great Xroj;Grande Xroj;Hohepriesterin;;Suma sacerdotisa;;;;x
the_sand_snakes_rank_1_male;Abjurer;Apostat;Bannmagier;;Apóstata;;;;x
the_sand_snakes_rank_2_male;Conjurer;Sorcier;Beschwörer;;Conjurador;;;;x
the_sand_snakes_rank_3_male;Priest;Prêtre;Priester;;Sacerdote;;;;x
the_sand_snakes_rank_4_male;Great Xroj;Grand Xroj;Hohepriester;;Sumo sacerdote;;;;x
the_sand_snakes_leader_desc;[GetSocietyLeaderDesc];[GetSocietyLeaderDesc];;;;;;;;;;;;x
the_sand_snakes_recruit_block_tooltip;Has not been approached by the Fangs of Apep before.;N'a pas été abordé par les Crocs d'Apep avant.;;;;;;;;;;;;x
the_sand_snakes_recruit;Recruit to The Fangs of Apep;Recruter auprès des Crocs d'Apep;;;;;;;;;;;;x
the_sand_snakes_recruit_desc;Attempt to find out whether §Y[Root.GetTitledFirstName]§! is open to the power of the occult. If so, you may invite [Root.GetHerHim] to become a member of The Fangs of Apep.;Essayez de savoir si§Y[Root.GetTitledFirstName]§! est prêt  au pouvoir de l'occulte. Si c'est le cas, vous pouvez l'inviter à devenir un membre des Crocs d'Apep..;;;;;;;;;;;;x
############### Mysteries of Dionysus ;;;;;;;;;;;;;x
mysteries_dionysus;Mysteries of Dionysus;Mystères de Dionysos;;;;;;;;;;;;x
mysteries_dionysus_desc;Since the dawn of civilization there have been those who have rejected it's gifts. Those who count themselves as initiates of the Dionysian mysteries commune with their god in secret rituals of revelry and intoxication. Thoroughly intimate affairs, these secret gatherings forge strong bonds between the participants, bonds that frequently persist beyond the secrecy of the rituals. But that's not all, Twice-born Dionysus, they say, knows the secrets of life and death. It is these secrets the initiates hope to earn from their god.;Depuis l'aube des civilisations certains ont rejetés ses cadeaux. Ceux qui se considèrent comme des initiés des mystères dionysiaques communient avec leur dieu dans des rituels secrets d'orgies et d'intoxication. 	Entièrement intimistes, ces rassemblements secrets scellent des liens forts entre les participants, des liens qui persistent souvent au-delà de la confidentialité des rituels. Mais cela ne pas tout, car ils disent que Dionysos, né deux fois, connaît les secrets de la vie et la mort. C'est ces secrets que les initiés espèrent pouvoir obtenir de leur dieu.;;;;;;;;;;;;x
currency_name_mysteries_dionysus;Fervor;Ferveur;;;;;;;;;;;;x
mysteries_dionysus_leader_desc;[GetSocietyLeaderDesc];[GetSocietyLeaderDesc];;;;;;;;;;;;x
mysteries_dionysus_rank_1_male;Bacchus;Bacchus;;;;;;;;;;;;x
mysteries_dionysus_rank_1_female;Ariadne;Ariane;;;;;;;;;;;;x
mysteries_dionysus_rank_2_male;Hymnodidaskolos;Hymnodidaskolos;;;;;;;;;;;;x
mysteries_dionysus_rank_2_female;Hymnodidaskolos;Hymnodidaskolos;;;;;;;;;;;;x
mysteries_dionysus_rank_3_male;Boukolos;Boukólos;;;;;;;;;;;;x
mysteries_dionysus_rank_3_female;Boukolos;Boukólos;;;;;;;;;;;;x
mysteries_dionysus_rank_4_male;Archiboukolos;Archeboukólos;;;;;;;;;;;;x
mysteries_dionysus_rank_4_female;Archiboukolos;Archeboukólos;;;;;;;;;;;;x
############### Tristeria ;;;;;;;;;;;;;x
not_already_holding_tristeria;Is not already holding Tristeria;Ne tient pas déjà Tristeria;;;;;;;;;;;;x
############### Apostles of Shezmu ;;;;;;;;;;;;;x
shezmu_cult;Apostles of Shezmu;Apôtres de Shezmu;;;;;;;;;;;;x
shezmu_cult_desc;Ascetics and shadowy warriors dedicated to upholding Ma'at, the Apostles of Shezmu are vigilantes that look to the Lord of Blood and Slaughterer of Souls for the secrets to spiritual purity. To this end they ritually murder those they see as Isfet, unjust, the opposite of Ma'at. They practice the ritual creation of wines and perfumed oils as acts of purification and emulation of Shezmu.;Ascètes et guerriers de l'ombre dédiés à la défense de Maât, les Apôtres de Shezmu sont des justiciers qui se tournent vers le Seigneur du Sang et de l'Abattateur des âmes pour trouver les secrets de la pureté spirituelle. À cette fin, ils assassinent rituellement ceux qu'ils considèrent comme Isfet, injustes, à l'opposé de Maât. Ils pratiquent la création rituelle de vins et d'huiles parfumées comme actes de purification et d'émulation du Shezmu.;;;;;;;;;;;;x
currency_name_shezmu_cult;Fervor;Ferveur;;;;;;;;;;;;x
shezmu_cult_leader_desc;[GetSocietyLeaderDesc];[GetSocietyLeaderDesc];;;;;;;;;;;;x
shezmu_cult_rank_1_male;Raw;Cru;;;;;;;;;;;;x
shezmu_cult_rank_1_female;Raw;Cru;;;;;;;;;;;;x
shezmu_cult_rank_2_male;Distilled;Distillée;;;;;;;;;;;;x
shezmu_cult_rank_2_female;Distilled;Distillée;;;;;;;;;;;;x
shezmu_cult_rank_3_male;Blooded;Sanglant;;;;;;;;;;;;x
shezmu_cult_rank_3_female;Blooded;Sanglante;;;;;;;;;;;;x
shezmu_cult_rank_4_male;Annointed;Oint;;;;;;;;;;;;x
shezmu_cult_rank_4_female;Annointed;Ointe;;;;;;;;;;;;x
############### Skeptics ;;;;;;;;;;;;;x
monastic_order_skeptics;Skeptic Intelligentsia;Intelligentsia sceptique;;;;;;;;;;;;x
monastic_order_skeptics_desc;Skepticism teaches that knowledge of the truth is impossible, and so one should suspend belief. This point of view can be helpful in cutting through deception, but rarely results in friendships with non-Skeptics. Skeptics spend their time debating various topics and assertions, changing their positions constantly in an effort to see all the various sides of a question.;Le scepticisme enseigne que la connaissance de la vérité est impossible, et qu'il faut donc suspendre la croyance. Ce point de vue peut être utile pour passer outre la tromperie, mais se traduit rarement par des amitiés avec des non sceptiques. Les sceptiques passent leur temps à débattre de divers sujets et affirmations, changeant constamment de position dans le but de voir toutes les facettes d'une question.;;;;;;;;;;;;x
monastic_order_skeptics_leader_desc;[GetSocietyLeaderDesc];[GetSocietyLeaderDesc];;;;;;;;;;;;x
currency_name_monastic_order_skeptics;Apatheia;Apatheia;Apatheia;;Apatheia;;;;;;;;x
monastic_order_skeptics_rank_1_female;Student;Étudiante;Studentin;;Estudiante;;;;;;;;x
monastic_order_skeptics_rank_2_female;Thinker;Penseuse;Denkerin;;Pensadora;;;;;;;;x
monastic_order_skeptics_rank_3_female;Philosopher;Philosophe;Philosophin;;Filósofa;;;;;;;;x
monastic_order_skeptics_rank_4_female;Logoarch;Logoarche;Logoarchin;;Logoarca;;;;;;;;x
monastic_order_skeptics_rank_1_male;Student;Étudiant;Student;;Estudiante;;;;;;;;x
monastic_order_skeptics_rank_2_male;Thinker;Penseur;Denker;;Pensador;;;;;;;;x
monastic_order_skeptics_rank_3_male;Philosopher;Philosophe;Philosoph;;Filósofo;;;;;;;;x
monastic_order_skeptics_rank_4_male;Logoarch;Logoarche;Logoarch;;Logoarca;;;;;;;;x
############### Epicureans ;;;;;;;;;;;;;x
monastic_order_epicureans;Epicurean Intelligentsia;Intelligentsia épicurienne;;;;;;;;;;;;x
monastic_order_epicureans_desc;Epicureanism is named after it's founder, Epicurus. Living in 4th century B.C. Greece, Epicurus argued against superstition and divine intervention, advancing a philosophy of atomic materialism. Believing that the only moral good is personal pleasure, Epicureans seek to achieve a balanced mind, body, and spirit.;L'épicurisme tire son nom de son fondateur, Épicure. Vivant en Grèce au IVe siècle avant J.-C., Épicure s'opposa à la superstition et à l'intervention divine, faisant progresser une philosophie du matérialisme atomique. Croyant que le seul bien moral est le plaisir personnel, les épicuriens cherchent à atteindre un équilibre mental, physique et spirituel.;;;;;;;;;;;;x
monastic_order_epicureans_leader_desc;[GetSocietyLeaderDesc];[GetSocietyLeaderDesc];;;;;;;;;;;;x
currency_name_monastic_order_epicureans;Apatheia;Apatheia;Apatheia;;Apatheia;;;;;;;;x
monastic_order_epicureans_rank_1_female;Student;Étudiante;Studentin;;Estudiante;;;;;;;;x
monastic_order_epicureans_rank_2_female;Thinker;Penseuse;Denkerin;;Pensadora;;;;;;;;x
monastic_order_epicureans_rank_3_female;Philosopher;Philosophe;Philosophin;;Filósofa;;;;;;;;x
monastic_order_epicureans_rank_4_female;Logoarch;Logoarche;Logoarchin;;Logoarca;;;;;;;;x
monastic_order_epicureans_rank_1_male;Student;Étudiant;Student;;Estudiante;;;;;;;;x
monastic_order_epicureans_rank_2_male;Thinker;Penseur;Denker;;Pensador;;;;;;;;x
monastic_order_epicureans_rank_3_male;Philosopher;Philosophe;Philosoph;;Filósofo;;;;;;;;x
monastic_order_epicureans_rank_4_male;Logoarch;Logoarche;Logoarch;;Logoarca;;;;;;;;x
############### Isis Cult ;;;;;;;;;;;;;x
monastic_order_isis;Isiac Order;Ordre isiaque;;;;;;;;;;;;x
monastic_order_isis_desc;The devoted monks of the Isiac Order have pledged themselves to the service of Isis and her worshippers, and strive to uphold her ideals of purity of mind and body and to spread the message of her glory.;Les moines dévoués de l'Ordre isiaque se sont engagés au service d'Isis et de ses adorateurs, et s'efforcent de maintenir ses idéaux de pureté d'esprit et de corps et de diffuser le message de sa gloire.;;;;;;;;;;;;x
monastic_order_isis_leader_desc;[GetSocietyLeaderDesc];[GetSocietyLeaderDesc];;;;;;;;;;;;x
currency_name_monastic_order_isis;Devotion;Dévouement;;;;;;;;;;;x
monastic_order_isis_rank_1_female;Devotee;Passionné;;;;;;;;;;;x
monastic_order_isis_rank_2_female;Initiate;Initiée;;;;;;;;;;;x
monastic_order_isis_rank_3_female;Priest;Prêtresse;;;;;;;;;;;x
monastic_order_isis_rank_4_female;Pastophoros;Pastophoros;;;;;;;;;;;x
monastic_order_isis_rank_1_male;Devotee;Passionné;;;;;;;;;;;x
monastic_order_isis_rank_2_male;Initiate;Initié;;;;;;;;;;;x
monastic_order_isis_rank_3_male;Priest;Prêtre;;;;;;;;;;;x
monastic_order_isis_rank_4_male;Pastophoros;Pastophoros;;;;;;;;;;;x
create_monastic_order_isis_tooltip;Restore the Isis cult as a society known as §GThe Isiac Order§!.;Restaurer le culte d'Isis en tant que société sous le nom de §GL'Ordre isiaque§!.;;;;;;;;;;;x
restore_isiac_order;Restore the Cult of Isis;Restaurer le culte d'Isis;;;;;;;;;;;x
restore_isiac_order_desc;Create a new monastic society dedicated to the Great Goddess Isis.;Créer une nouvelle société monastique dédiée à la grande déesse Isis.;;;;;;;;;;;x
egyptian.500.title;Cult of Isis Returns;Retour du culte d'Isis;;;;;;;;;;;x
egyptian.500.desc;[Root.GetTitledName] has announced the creation of a new cult dedicated to the [Root.Religion.GetName] goddess Isis. This society, dubbed the Isiac Order, will be focused on promoting the worship of Isis and her ideals of pure mind and body. [From.GetFirstName] has put out the call for new members to the order.;[Root.GetTitledName] a annoncé la création d'un nouveau culte dédié à la déesse [Root.Religion.GetName] Isis. Cette société, surnommée l'Ordre isiaque, se concentrera sur la promotion du culte d'Isis et de ses idéaux d'esprit et de corps purs. [From.GetFirstName] a lancé l'appel à de nouveaux membres pour l'ordre.;;;;;;;;;;;x
egyptian.500.a;Praise the Great Goddess!;Louez la grande déesse !;;;;;;;;;;;x
egyptian.500.b;Why should I care?;Pourquoi devrais-je m'en soucier ?;;;;;;;;;;;x
############### Celtic Warrior Lodge ;;;;;;;;;;;;;x
warrior_lodge_celtic;[GetCelticWarriorLodge];[GetCelticWarriorLodge];;;;;;;;;;;;x
warrior_lodge_celtic_desc;[GetCelticWarriorLodgeDesc];[GetCelticWarriorLodgeDesc];;;;;;;;;;;;x
warrior_lodge_celtic_real;The Band of Camulos;La bande de Camulos;;;;;;;;;;;;x
warrior_lodge_celtic_desc_real;The bold warriors of the Band of Camulos, a Celtic god of war and thunder, hold eachother to a high standard of honor and provide mentorship if a member seems to stray. They are known to regard wild boars highly and their families will use totems of these fierce creatures to bestow strength and ferocity to their members.;Les guerriers audacieux de la bande des Camulos, un dieu celtique de la guerre et du tonnerre, se tiennent l'un à l'autre à un niveau élevé d'honneur et fournissent le mentorat si un membre semble s'égarer. Ils sont connus pour avoir une haute estime pour les sangliers et leurs familles utiliseront les totems de ces créatures féroces pour donner force et férocité à leurs membres.;;;;;;;;;;;;x
warrior_lodge_celtic_random;The Company of the Boar;La compagnie du sanglier;;;;;;;;;;;;x
warrior_lodge_celtic_desc_random;The bold warriors of the Company of the Boar hold eachother to a high standard of honor and provide mentorship if a member seems to stray. They are known to regard wild boars highly and their families will use totems of these fierce creatures to bestow strength and ferocity to their members.;Les guerriers audacieux de la Compagnie du Sanglier se tiennent l'un à l'autre à un haut niveau d'honneur et fournissent le mentorat si un membre semble s'égarer. Ils sont connus pour avoir une haute estime pour les sangliers et leurs familles utiliseront les totems de ces créatures féroces pour donner force et férocité à leurs membres.;;;;;;;;;;;;x
warrior_lodge_celtic_leader_desc;[GetSocietyLeaderDesc];[GetSocietyLeaderDesc];;;;;;;;;;;;x
currency_name_warrior_lodge_celtic;Renown;Renommée;Bekanntheit;;Renombre;;;;;;;;;x
warrior_lodge_celtic_rank_1_female;Fledgling;Novice;Anfängerin;;Novata;;;;;;;;;x
warrior_lodge_celtic_rank_2_female;Warrior;Guerrière;Kriegerin;;Guerrera;;;;;;;;;x
warrior_lodge_celtic_rank_3_female;Veteran;Vétérane;Veteranin;;Veterana;;;;;;;;;x
warrior_lodge_celtic_rank_4_female;Heroine;Héroïne;Heldin;;Heroína;;;;;;;;;x
warrior_lodge_celtic_rank_1_male;Fledgling;Novice;Anfänger;;Novato;;;;;;;;;x
warrior_lodge_celtic_rank_2_male;Warrior;Guerrier;Krieger;;Guerrero;;;;;;;;;x
warrior_lodge_celtic_rank_3_male;Veteran;Vétéran;Veteran;;Veterano;;;;;;;;;x
warrior_lodge_celtic_rank_4_male;Hero;Héros;Held;;Héroe;;;;;;;;;x
string_celtic_training;adjusting the fit of [fellow_member.GetHerHis] pack, pointing out that our hike has gone on longer than planned. The [fellow_member.GetManWoman] smirks before remarking: "you're a natural in these hills, my friend.";ajustant l'ajustement de  [fellow_member.GetHerHis] sac, en soulignant que notre randonnée a duré plus longtemps que prévu. La [camarade. GetManWoman] sourit avant de remarquer : "Tu es doué dans ces collines, mon ami.";;;;;;;;;;;;x
string_celtic_symbol;the boar;le sanglier;;;;;;;;;;;;x
string_celtic_symbol_short;boar;sanglier;;;;;;;;;;;;x
string_celtic_symbol_short_cap;Boar;Sanglier;;;;;;;;;;;;x
string_battle_nick_celtic_symbol;Boar Spirit;Esprit de sanglier;;;;;;;;;;;;x
string_WL_celtic_religion;§Y[celtic_pagan_reformed.GetName]§! religion;§Y[celtic_pagan_reformed.GetName]§! religion;;;;;;;;;;;;x
create_warrior_lodge_celtic;Found the Band of Camulos;Trouvé la bande de Camulos;;;;;;;;;;;;x
create_warrior_lodge_celtic_desc;Create a new warrior lodge in the tradition of Celtic faith.;Créer une nouvelle loge de guerriers dans la tradition de la foi celtique.;;;;;;;;;;;;x
create_warrior_lodge_celtic_tooltip;Warriors gather to join the Band of Camulos;Les guerriers se rassemblent pour rejoindre la bande de Camulos;;;;;;;;;;;;x
celtic.303.title;The Band of Camulos;La bande de Camulos;;;;;;;;;;;;x
celtic.303.desc;In [From.PrimaryTitle.GetName], [From.GetTitledFirstName] has formed a new society of warriors called The Band of Camulos. Upholding ideals of bravery, honor, and physical prowess. This [From.GetFirstName] has put out the call for those of like mind to join this warrior lodge, even those who don't worship the Celtic gods.;Dans [From.PrimaryTitle.GetName], [From.GetTitledFirstName] a formé une nouvelle société de guerriers appelée La bande de Camulos, défendant les idéaux de bravoure, d'honneur et de prouesses physiques. Ce [De.GetFirstName] a lancé un appel à ceux qui ont le même esprit de se joindre à cette loge guerrière, même ceux qui n'adorent pas les dieux celtiques.;;;;;;;;;;;;x
celtic.303.a;Sounds like a good time!;Cela a l'air d'être le bon moment !;;;;;;;;;;;;x
celtic.303.b;Sounds like a scam...;Cela ressemble à une arnaque ...;;;;;;;;;;;;x
############### Egyptian Warrior Lodge ;;;;;;;;;;;;;x
warrior_lodge_egyptian;[GetEgyptianWarriorLodge];[GetEgyptianWarriorLodge];;;;;;;;;;;;x
warrior_lodge_egyptian_desc;[GetEgyptianWarriorLodgeDesc];[GetEgyptianWarriorLodgeDesc];;;;;;;;;;;;x
warrior_lodge_egyptian_real;The Champions of the Sun;Les champions du soleil;;;;;;;;;;;;x
warrior_lodge_egyptian_desc_real;The seasoned Champions of the Sun seek to uphold the Egyptian ideal of truth and justice, embodied in the word ma'at. Looking to the resourceful jackal for guidance and inspiration, the champions work together in packs to master desert terrain and harden their minds and bodies.;Les champions chevronnés du soleil cherchent à défendre l'idéal égyptien de vérité et de justice, incarné par le mot ma'at. A la recherche de l'inspiration et des conseils du chacal, les champions travaillent ensemble en meute pour maîtriser le terrain désertique et endurcir leur esprit et leur corps.;;;;;;;;;;;;x
warrior_lodge_egyptian_random;The Daymen;Les hommes de Day;;;;;;;;;;;;x
warrior_lodge_egyptian_desc_random;The Daymen seek to master the [egyptian_pagan.GetName] ideal of martial skill and companionship. Looking to the resourceful jackal for guidance and inspiration, the daymen work together in packs to master desert terrain and harden their minds and bodies.;Les hommes de Day cherchent à maîtriser l'idéal [egyptian_pagan.GetName] de compétence martiale et compétence. S'adressant au chacal plein de ressources pour des conseils et de l'inspiration, les hommes de Day travaillent ensemble dans des sacs pour maîtriser le terrain désertique et endurcir leurs esprits et leurs corps.;;;;;;;;;;;;x
warrior_lodge_egyptian_leader_desc;[GetSocietyLeaderDesc];[GetSocietyLeaderDesc];;;;;;;;;;;;x
currency_name_warrior_lodge_egyptian;Renown;Renommée;Bekanntheit;;Renombre;;;;;;;;;x
warrior_lodge_egyptian_rank_1_female;Fledgling;Novice;Anfängerin;;Novata;;;;;;;;;x
warrior_lodge_egyptian_rank_2_female;Warrior;Guerrière;Kriegerin;;Guerrera;;;;;;;;;x
warrior_lodge_egyptian_rank_3_female;Veteran;Vétérane;Veteranin;;Veterana;;;;;;;;;x
warrior_lodge_egyptian_rank_4_female;Heroine;Héroïne;Heldin;;Heroína;;;;;;;;;x
warrior_lodge_egyptian_rank_1_male;Fledgling;Novice;Anfänger;;Novato;;;;;;;;;x
warrior_lodge_egyptian_rank_2_male;Warrior;Guerrier;Krieger;;Guerrero;;;;;;;;;x
warrior_lodge_egyptian_rank_3_male;Veteran;Vétéran;Veteran;;Veterano;;;;;;;;;x
warrior_lodge_egyptian_rank_4_male;Hero;Héros;Held;;Héroe;;;;;;;;;x
string_egyptian_training;crouching in the shadow of an outcroping. As [fellow_member.GetSheHe] poured sand from [fellow_member.GetHerHis] boot [fellow_member.GetFirstName] remarked, "You're quite good at this.";accroupie dans l'ombre d'un affleurement. Comme [camarade_de_membre.GetSheHe] a versé du sable de [fellow_member.GetHerHis] de botte [fellow_member.GetFirstName] dit, "Vous êtes très bon à ça".;;;;;;;;;;;;x
string_egyptian_symbol;the jackal;le chacal;;;;;;;;;;;;x
string_egyptian_symbol_short;jackal;chacal;;;;;;;;;;;;x
string_egyptian_symbol_short_cap;Jackal;Chacal;;;;;;;;;;;;x
string_battle_nick_egyptian_symbol;Jackal Spirit;Esprit de chacal;;;;;;;;;;;;x
create_warrior_lodge_egyptian;Found the Champions of the Sun;Fonder les champions du soleil;;;;;;;;;;;;x
create_warrior_lodge_egyptian_desc;Create a new warrior lodge in the tradition of Egyptian faith.;Créer une nouvelle loge de guerriers dans la tradition de la foi égyptienne.;;;;;;;;;;;;x
create_warrior_lodge_egyptian_tooltip;Warriors gather to join the Champions of the Sun;Des guerriers se rassemblent pour rejoindre les champions du soleil;;;;;;;;;;;;x
egyptian.400.title;Champions of the Sun;Champions du soleil;;;;;;;;;;;;x
egyptian.400.desc;In [From.PrimaryTitle.GetName], [From.GetTitledFirstName] has formed a new society of warriors called The Champions of the Sun. A fellowship of warriors dedicated to the improving themselves through martial training and athletics. This [From.GetFirstName] has put out the call for those of like mind to join this warrior lodge, even those who don't worship the gods of Egypt.;Dans [De.PrimaryTitle.GetName], [From.GetTitledFirstName] a formé une nouvelle société de guerriers appelée les champions du soleil. Une fraternité de guerriers qui se consacrent à l'amélioration de leur condition physique par l'entraînement martial et l'athlétisme. Ce [De.GetFirstName] a lancé un appel à ceux qui ont le même esprit pour rejoindre cette loge guerrière, même ceux qui n'adorent pas les dieux de l'Égypte.;;;;;;;;;;;;x
egyptian.400.a;Sounds like a good time!;Cela a l'air d'être le bon moment !;;;;;;;;;;;;x
egyptian.400.b;Sounds like a scam...;Cela ressemble à une arnaque ...;;;;;;;;;;;;x
############### Strings ;;;;;;;;;;;;;x
String_ker;Ker;Ker;;;;;;;;;;;;x
String_keres;Keres;Keres;;;;;;;;;;;;x
String_nuckelavee;nuckelavee;nuckelavee;;;;;;;;;;;;x
String_nuckelavees;nuckelavees;nuckelavees;;;;;;;;;;;;x
String_tree_symbol;tree symbol;Symbole de l'arbre;;;;;;;;;;;;x
String_lightning_symbol;lightning symbol;Symbole de foudre;;;;;;;;;;;;x
String_torch_symbol;torch symbol;Symbole de torche;;;;;;;;;;;;x
String_chain_symbol;symbol of chains;Symbole de chaines;;;;;;;;;;;;x
String_eye_of_ra;Eye of Ra pendant;Pendentif de l'Oeil de Ra;;;;;;;;;;;;x
String_solar_disk;solar disk pendant;Pendentif du Disque Solaire;;;;;;;;;;;;x
Druid;Druid;Druide;;;;;;;;;;;;x
Dryad;Dryad;Dryade;;;;;;;;;;;;x
String_Celt;Celt;Celte;;;;;;;;;;;;x
String_Druid;Druid;Druide;;;;;;;;;;;;x
String_Hellene;Hellene;Hellène;;;;;;;;;;;;x
String_Promethean;Promethean;Prométhéens;;;;;;;;;;;;x
String_Titan;Titan;Titan;;;;;;;;;;;;x
String_Kemetic;Kemetic;Kémite;;;;;;;;;;;;x
String_Atenic;Atenic;Atenique;;;;;;;;;;;;x
String_Celtic;Celtic;Celtique;;;;;;;;;;;;x
String_Druidic;Druidic;Druidique;;;;;;;;;;;;x
String_Hellenic;Hellenic;Hellénique;;;;;;;;;;;;x
String_Titanic;Titanic;Titannesque;;;;;;;;;;;;x
String_Titan_Cultist;Titan Cultist;Culte des Titans;;;;;;;;;;;;x
String_Nuckelavee;Nuckelavee;Nuckelavee;;;;;;;;;;;;x
String_RedCaps;Red Caps;Capuchon Rouge;;;;;;;;;;;;x
String_Goblins;Goblins;Gobelins;;;;;;;;;;;;x
String_Fomorians;Fomorians;Fomoriens;;;;;;;;;;;;x
String_Fomorian_Prince;Fomorian Prince;Prince Fomoriens;;;;;;;;;;;;x
String_Keres;Keres;Keres;;;;;;;;;;;;x
String_Cacodaemons;Cacodaemons;Cacodaemons;;;;;;;;;;;;x
String_Lamia;Lamia;Lamia;;;;;;;;;;;;x
String_Lamia_Matriarch;Lamia Matriarch;Matriarche Lamia;;;;;;;;;;;;x
String_Gorgon;Gorgon;Gorgon;;;;;;;;;;;;x
String_Ammit;Ammit;Ammit;;;;;;;;;;;;x
String_Great_Set;Set;Set;;;;;;;;;;;;x
String_Babi;Babi;Babi;;;;;;;;;;;;x
String_wizard;Wizard;Sorcier;;;;;;;;;;;;x
String_Glory_to_Dark_Ones;Glory to the Dark Ones;Gloire aux Forces des Ténèbres;;;;;;;;;;;;x
String_Glory_to_Hecate;Glory to Hecate;Gloire à Hécate;;;;;;;;;;;;x
String_Glory_to_the_Great_Serpent;Glory to the Great Serpent;Gloire aux Grand Serpent;;;;;;;;;;;;x
String_Danus_blessings;Danu's blessings;Bénis par Danu;;;;;;;;;;;;x
String_Heracles_strength_to_you;Heracles' strength to you;La force d'Heracles pour vous;;;;;;;;;;;;x
String_Atlas_strength_to_you;Atlas' strength to you;La force d'Atlas pour vous;;;;;;;;;;;;x
String_Amuns_blessings;Amun's blessings;Benis par Amun;;;;;;;;;;;;x
String_the_Atens_blessings;the Aten's blessings;la Bénédiction d'Aten;;;;;;;;;;;;x
String_Arawn_watch_over_you;Arawn watch over you;Arawn veille sur vous;;;;;;;;;;;;x
String_Hermes_guide_you;Hermes guide you;Hermès vous guide;;;;;;;;;;;;x
String_May_the_Fire_Bringer_light_your_way;may the Fire Bringer light your way;Puisse le Porteur du Feu éclairer votre chemin;;;;;;;;;;;;x
String_Prometheus_blessings;Prometheus' blessings;Béni par Prométhée;;;;;;;;;;;;x
String_Fury_and_rage;Fury and rage;Furie et Rage;;;;;;;;;;;;x
String_Bast_protect_you;Bast protect you;Bast vous protége;;;;;;;;;;;;x
String_may_Aten_guide_your_path;May the Aten guide your path;Puisse Aten guidez vos pas;;;;;;;;;;;;x
GetHouseOfWorship_Celtic;Sacred Grove;Bosquet Sacré;;;;;;;;;;;;x
GetHouseOfWorship_Gaulish;Nemeton;Nemeton;;;;;;;;;;;;x
String_Sun_egyptian;Aten;Aton;;;;;;;;;;;;x
String_wrestling;wrestling;lutte;;;;;;;;;;;;x
String_the_Mysteries_of_Isis;the Mysteries of Isis;les mystères d'Isis;;;;;;;;;;;;x
minor_title_monastic_gain;Holding important religious Honorary Titles;Détient des titres honorifiques religieux importants;;;;;;;;;;;;x
