#GENERAL;;;;;;;;;;;;;;x
traveling;Traveling;Voyage;;;;;;;;;;;;x
traveling_desc;This character is currently away from home, traveling for business or pleasure;Ce personnage est actuellement loin de chez lui, voyageant pour des affaires ou pour le plaisir;;;;;;;;;;;;x
prepare_for_traveling;Prepare for some traveling;Préparez-vous à voyager;;;;;;;;;;;;x
survey_realm;Survey Realm;Passer en revue votre royaume;;;;;;;;;;;;x
survey_realm_desc;Travel around the realm and see how it is doing;Voyager dans votre royaume et voir comment ça se passe;;;;;;;;;;;;x
employ_spy;Invite Intriguer to Court;Inviter un intrigant à la Cour;;;;;;;;;;;;x
employ_spy_desc;Invite a promising spy to court, to aid with matters of intrigue.;Inviter un espion prometteur à la cour, pour vous aidez à des questions d'intrigues.;;;;;;;;;;;;x
employ_diplomat;Invite Diplomat to Court;Inviter un diplomate à la Cour;;;;;;;;;;;;x
employ_diplomat_desc;Invite a promising diplomat to court, to aid with diplomatic matters.;Inviter un diplomate prometteur à la cour, pour vous aidez sur des questions diplomatiques.;;;;;;;;;;;;x
employ_eunuch;Employ an Eunuch;Employer un eunuque;Employ an Eunuch;;Employ an Eunuch;;;;;;;;;x
employ_eunuch_desc;Promote one of your eunuch servants to one of your courtiers.;Promouvoir un de vos eunuques à l'un de vos courtisans.;Promote one of your eunuch servants to one of your courtiers.;;Promote one of your eunuch servants to one of your courtiers.;;;;;;;;;x
change_primary_wife;Change Primary Wife;Changer de première femme;Change Primary Wife;;Change Primary Wife;;;;;;;;;x
change_primary_wife_desc;Change your primary wife if you don't like your current one.;Changez votre première femme, si vous n'aimez pas votre femme actuelle.;Change your primary wife if you don't like your current one.;;Change your primary wife if you don't like your current one.;;;;;;;;;x
perform_sacrifice;Perform a Great Sacrifice to the Gods;Faire un grand sacrifice aux dieux;Perform a Great Sacrifice to the Gods;;Perform a Great Sacrifice to the Gods;;;;;;;;;x
perform_sacrifice_desc;Offer a sacrifice to the deities in a days-long ceremony, in the hope of receiving great blessings from the gods.;Offrez un sacrifice aux divinités dans une cérémonie d'une journée, dans l'espoir de recevoir de grandes bénédictions des dieux.;Offer a sacrifice to the deities in a days-long ceremony, in the hope of receiving great blessings from the gods.;;Offer a sacrifice to the deities in a days-long ceremony, in the hope of receiving great blessings from the gods.;;;;;;;;;x
sacrifice_to_deities;Let us perform the proper ceremonies and rituals!;Organisons de bons rituels et cérémonies !;Let us perform the proper ceremonies and rituals!;;Let us perform the proper ceremonies and rituals!;;;;;;;;;x
take_courtier_as_concubine;Take a Concubine;Prendre une concubine;;;;;;;;;;;;x
take_courtier_as_concubine_desc;Take a concubine for whatever purposes;Prenez une concubine quelque soit les fins;;;;;;;;;;;;x
already_adopted_local_pagan_beliefs;Never adopted local pagan beliefs before (i.e. can only do once in a lifetime);N'a jamais adopté la croyance païenne locale auparavant (c'est-à-dire ne peut être fait qu'une fois dans la vie);;;;;;;;;;;;x
adopt_local_pagan_beliefs;Adopt Local Pagan Beliefs;Adopter les croyances païennes locales;;;;;;;;;;;;x
adopt_local_pagan_beliefs_desc;You currently worship different spirits and deities than the ones that reside in your realm. Perhaps it's time to placate and appease these local spirits and deities instead.;Vous adorerez actuellement différentes divinités que ceux qui résident dans votre domaine. Peut-être est-il temps d'adopter les divinités locales à la place.;;;;;;;;;;;;x
adopt_a_child;Adopt a Child;Adopter un enfant;;;;;;;;;;;;x
adopt_a_child_desc;Since you don't have any heirs, you can adopt an orphaned noble child as your own.;Comme vous n'avez aucun héritier, vous pouvez adopter un enfant noble orphelin et en faire le vôtre.;;;;;;;;;;;;x
assign_griot;Assign Griot;Nommer un griot;;;;;;;;;;;;x
assign_griot_desc;Come on AI, just take it;;;;;;;;;;;;;x
hold_sogdian_fair;Hold Sogdian Fair;Faire une foire sogdienne;;;;;;;;;;;;x
#MISC DECISION EVENTS;;;;;;;;;;;;;;x
VIETmisc.3.desc;I am fearful for the future of my dynasty, as I have no heirs. As such, I've decided to adopt an orphan child from a local noble family as my own.;Je crains pour l'avenir de ma dynastie, car je n'ai pas d'héritier. En tant que tel, j'ai décidé d'adopter un enfant orphelin d'une famille noble locale et d'en faire mien.;;;;;;;;;;;;x
VIETmisc.3.a;I will adopt a boy.;Je vais adopter un garçon.;;;;;;;;;;;;x
VIETmisc.3.b;I will adopt a girl.;Je vais adopter une fille.;;;;;;;;;;;;x
#GREAT SACRIFICE;;;;;;;;;;;;;;x
EVTDESC1000109018;The great sacrifice continues. As part of today’s ritual, you begin singing hymns to the deities, praying for blessings. As you do this, you bring offerings before the altar, specifically...;Le grand sacrifice se poursuit. Dans le cadre du rituel d'aujourd'hui, vous commencez à chanter des hymnes aux divinités, en priant pour les bénédictions. Lorsque vous faites cela, vous proposez des offres devant l'autel, en particulier ...;;;;;;;;;;x
EVTOPTA1000109018;Delicious food, for prosperity and wealth;De la nourriture délicieuse, pour la prospérité et la richesse;;;;;;;;;;x
EVTOPTB1000109018;The blood of sacrificed animals, for glory and honor;Le sang des animaux sacrifiés, pour la gloire et l'honneur;;;;;;;;;;x
EVTOPTC1000109018;Fragrant perfumes and flowers, for peace and harmony;Des fleurs parfumés, pour la paix et l'harmonie;;;;;;;;;;x
EVTOPTD1000109018;Holy water, for good luck and divine favor;De l'eau bénite, pour la fortune et la faveur divine;;;;;;;;;;x
EVTDESC1000109014;Listening to the chanting and singing of the holy men and women in the midst of the great ceremony brings me peace of mind.;Écouter le chant des hommes et des femmes saints au milieu de la grande cérémonie m'amène à la tranquillité intérieure.;;;;;;;;;;x
EVTOPTA1000109014;I feel closer to the deities now.;Je me sens si proche des dieux.;;;;;;;;;;x
EVTDESC1000109015;While in the midst of prayers for today’s portion of the great ceremony, you feel the presence of [Root.Religion.GetRandomGodName] near the altar.;Au milieu des prières de la grande cérémonie, vous ressentez la présence de [Root.Religion.GetRandomGodName] près de l'autel.;;;;;;;;;;x
EVTOPTA1000109015;I fear such a higher being and pray for guidance and power.;Je crains un être supérieur et prie pour ses conseils et ses pouvoirs.;;;;;;;;;;x
EVTOPTB1000109015;I respect such a higher being and supplicate myself.;Je respecte un être aussi supérieur et je m'implore.;;;;;;;;;;x
EVTDESC1000109016;The entire ceremony so far has been such an inspiring event. I feel so happy, so blessed.;Toute la cérémonie jusqu'à présent a été un événement très inspirant. Je me sens si heureux, si béni.;;;;;;;;;;x
EVTOPTA1000109016;Praise [Root.Religion.GetRandomGodName]!;Louons [Root.Religion.GetRandomGodName] !;;;;;;;;;;x
EVTDESC1000109017;While reciting a hymn to [Root.Religion.GetRandomGodName], you suddenly forget several words and stumble on a line or two of the holy verses.;Tout en récitant une chanson à [Root.Religion.GetRandomGodName], vous oubliez soudainement plusieurs mots et sauter sur une ligne ou deux des versets sacrés.;;;;;;;;;;x
EVTOPTA1000109017;How embarassing!;Comme c'est embarassant !;;;;;;;;;;x
EVTDESC1000109020;The great and magnificent sacrifice to our deities, a days-long ceremony, is under way. May they be pleased with the abundance of our offerings and the melody of our hymns!;Le grand et magnifique sacrifice à nos divinités, une cérémonie d'une journée, est en cours. Puissent-ils être satisfaits de l'abondance de nos offrandes et de la mélodie de nos hymnes !;;;;;;;;;;x
EVTOPTA1000109020;Proceed with the ceremony.;Continuer la cérémonie.;;;;;;;;;;x
#SVRVEY REALM DECISION;;;;;;;;;;;;;;x
surveyed_realm_recently_text;Hasn't surveyed realm recently;N'a pas passé en revue le royaume récemment;;;;;;;;;;x
EVTDESC1000109048;Messengers come to you in the midst of your tour of the realm, warning you that alarming developments have transpired while you were away - you are now at war!;Les messagers viennent à vous au milieu de votre tour du royaume, vous avertissant que des développements alarmants se sont déroulés pendant votre absence - vous êtes en guerre !;;;;;;;;;;x
EVTOPTA1000109048;We must hurry and finish this tour of the realm.;Nous devons nous dépêcher et terminer cette tournée du royaume.;;;;;;;;;;x
EVTDESC1000109049;It’s been many years since I’ve surveyed my realm. Undoubtedly things have changed since then, and some of my courtiers suggest this would be a good time to travel the land once more and see how my realm is doing.;Il y a plusieurs années que j'ai passé en revue mon royaume. Les choses ont changé depuis lors, et certains de mes courtisans suggèrent que ce serait un bon moment pour parcourir le terrain une fois de plus et voir comment mon royaume est maintenant.;;;;;;;;;;x
EVTOPTA1000109049;I’ll think about it.;Je vais y penser.;;;;;;;;;;x
EVTDESC1000109050;After deliberation with your advisors and family, you have decided to survey your realm. The preparations will take several days, but the experience will be worth it. After all, it is one thing to hear of how your realm is doing, but another to see it with your own eyes.;Après une délibération avec vos conseillers et votre famille, vous avez décidé d'examiner votre royaume. Les préparatifs prendront plusieurs jours, mais l'expérience en vaut la peine. Après tout, c'est une bonne chose de voir comment va votre royaume par vos propres yeux.;;;;;;;;;;x
EVTOPTA1000109050;I cannot wait.;Je ne peux plus attendre.;;;;;;;;;;x
EVTTOOLTIP1000109050;[Root.GetTitledFirstName] makes preparations for the journey.;[Root.GetTitledFirstName] fait des préparatifs pour le voyage.;;;;;;;;;;x
EVTDESC1000109051;Readying your horses, carriages, and entourage, you leave your residence early in the morning. You will probably be gone for a month or so as you try to learn more about your realm. What do the nobles do when you’re not around? How are the commoners surviving? Which regions prosper, and which languish?;En préparant vos chevaux, vos carrosses et votre entourage, vous quittez votre domicile au début de la matinée. Vous allez probablement disparaître pendant un mois, alors que vous essayez d'en savoir plus sur votre royaume. Que font les nobles quand vous n'êtes pas là ? Comment les bourreaux survivent-ils ? Quelles régions prospèrent et qui languissent ?;;;;;;;;;;x
EVTOPTA1000109051;So many things to find out!;Tant de choses à découvrir !;;;;;;;;;;x
EVTDESC1000109052;You are about half-way through your survey of the realm.;Vous êtes à peu près à mi-parcours de votre revue de votre royaume.;;;;;;;;;;x
EVTOPTA1000109052;Onward! We still have more traveling.;En avant ! Nous avons encore du voyage.;;;;;;;;;;x
EVTDESC1000109053;Your survey of the realm is almost complete. There is only a little bit more traveling to do. It might be a good is time to reflect on everything that has happened.;Votre revue du royaume est presque complète. Il n'y a plus grand-chose à voir. Il est peut-être temps de réfléchir sur tout ce qui s'est passé.;;;;;;;;;;x
EVTOPTA1000109053;Indeed.;Effectivement.;;;;;;;;;;x
EVTDESC1000109054;Your survey of the realm is coming to a close, and you are almost home. The sight of your residence in the far distance is a welcoming sight, indeed. Nevertheless, you have learned much from your journey, and hopefully these lessons will serve you well in the coming years.;Votre revue du royaume arrive à sa fin, et vous êtes presque à la maison. La vue de votre résidence à distance est une vue accueillante, en effet. Néanmoins, vous avez appris beaucoup de votre voyage et, espérons-le, ces leçons vous serviront bien dans les années à venir.;;;;;;;;;;x
EVTOPTA1000109054;Still, there’s no place like home.;Pourtant, il n'y a pas d'endroit comme la maison.;;;;;;;;;;x
EVTDESC1000109055;While traveling, you happening upon a strange merchant from the far east who calls himself “Qi Ma the Liar.” Insisting on speaking in the third person, he greets you while twirling his cat-like whiskers: “Qi Ma knows much, tells some. Qi Ma knows many things others do not.”;En voyageant, vous vous trouvez sur un étrange marchand de l'extrême-orient qui s'appelle "Qi Ma, le menteur". En insistant pour parler à la troisième personne, il vous salue en faisant tourbillonner ses moustaches : "Qi Ma sait beaucoup, dit il, Qi Ma connaît bien des choses que d'autres ne savent pas.";;;;;;;;;;x
EVTOPTA1000109055;I’m bored. Let’s see what this eccentric fellow knows.;Je m'ennuie. Voyons ce que cet excentrique connaît.;;;;;;;;;;x
EVTOPTB1000109055;I shouldn’t associate myself with strange references.;Je ne devrais pas m'associer à des références étranges.;;;;;;;;;;x
EVTDESC1000109056;Qi Ma says, “So many crusader kings kill their firstborn sons. Some say because he is not as intelligent as the second son. Some say because he is not as strong as the third son. Some say the daughter will make a better heir. Qi Ma is glad his parents loved him no matter what.”;Qi Ma dit : "Tant de rois croisés tuent leurs fils de premier-né. Certains disent parce qu'il n'est pas aussi intelligent que le deuxième fils. Certains disent parce qu'il n'est pas aussi fort que le troisième fils. Certains disent que la fille fera un meilleur héritier. Qi Ma est heureux que ses parents l'aimaient, peu importe quoi.";;;;;;;;;;x
EVTOPTA1000109056;Um... I think my parents loved me too.;Hum ... Je pense que mes parents m'aiment aussi.;;;;;;;;;;x
EVTDESC1000109057;Qi Ma says, “Qi Ma loves Europe and the Middle East. Many interesting events that happen to them. Much more than in Cathay.”;Qi Ma dit : "Qi Ma aime l'Europe et le Moyen-Orient. Il y a beaucoup d'événements intéressants qui leur arrivent. Bien plus qu'en Cathay.";;;;;;;;;;x
EVTOPTA1000109057;I sense deja vu.;J'ai un sentiment de déjà vu.;;;;;;;;;;x
EVTOPTB1000109057;Wait, didn’t this already happen?;Attendez, c'est pas déjà arrivé ?;;;;;;;;;;x
EVTDESC1000109058;Qi Ma says, “Qi Ma has heard that people of the mediterranean are too dark, people of Russia are too ugly, and people of Europe and Middle East all look the same and boring. He has no opinion on the matter. All people are beautiful to him.” ;Qi Ma dit: "Qi Ma a entendu dire que les gens de la Méditerranée sont trop sombres, les gens de la Russie sont trop moche, et les gens d'Europe et du Moyen-Orient semblent tous les mêmes et ennuyeux. Il n'a aucune opinion sur la question. Toutes les personnes sont belles pour lui.";;;;;;;;;;x
EVTOPTA1000109058;Definitely.;Oh que oui !;;;;;;;;;;x
EVTOPTB1000109058;No. Some are better than others!;Non. Certains sont mieux que les autres.;;;;;;;;;;x
EVTDESC1000109059;Qi Ma says, “Qi Ma always sees Byzantine nobles playing tzykanion in their spare time. He thinks they have nothing better to do when they aren’t being killed by the Sassanids.”;Qi Ma dit: "Qi Ma voit toujours les nobles byzantins jouer à Tzykanion à leur temps libre. Il pense qu'ils n'ont rien de mieux à faire lorsqu'ils ne sont pas tués par les Sassanides.";;;;;;;;;;x
EVTOPTA1000109059;Interesting observation.;Observation intéressante.;;;;;;;;;;x
EVTOPTB1000109059;We Byzantines just love our tzykanion.;Nous, les Byzantins aimons notre Tzykanion.;;;;;;;;;;x
EVTOPTC1000109059;That’s why the Byzantine Empire was overrun by its enemies?;C'est pourquoi l'Empire Byzantin a été débordé par ses ennemis ?;;;;;;;;;;x
EVTDESC1000109060;Qi Ma says, “Some do not know, but the Catholic Church is open-minded on some things more than others. Qi Ma has heard that the Cardinals will elect a Muslim or a nomadic warrior as Pope if they accept a Latin name!”;Qi Ma dit: "Certains ne le savent pas, mais l'Église catholique est plus ouverte sur certaines choses que les autres. Qi Ma a appris que les cardinaux éliraient un musulman ou un guerrier nomade comme pape s'ils acceptent un nom latin !";;;;;;;;;;x
EVTOPTA1000109060;Well, that’s ridiculous.;Eh bien, c'est ridicule.;;;;;;;;;;x
EVTDESC1000109071;While traveling in the countryside, your entourage discovers a seemingly abandoned bandit camp. Curious, you explore the camp, only to be immediately ambushed by bandits!;En voyageant à la campagne, votre entourage découvre un camp de bandits apparemment abandonné. Curieux, vous explorez le camp, pour être immédiatement entouré par les bandits !;;;;;;;;;;x
EVTOPTA1000109071;Let’s fight these cowards!;Combattons ces lâches !;;;;;;;;;;x
EVTOPTB1000109071;Run away! Retreat!;Fuyons ! Retraite !;;;;;;;;;;x
EVTDESC1000109072;You and your entourage come across a horrific scene while patrolling some of the nearby roads: an entire caravan of merchants, massacred, possibly by bandits, business rivals, thieves, who knows what! Some of your men suggest you loot all their belongings.;Vous et votre entourage rencontrent une scène horrible en patrouillant dans certaines des routes voisines: une caravane entière de marchands, massacrés, éventuellement par des bandits, des rivaux d'affaires, des voleurs, ou n'importe qui d'autre ! Certains de vos hommes vous suggèrent de piller tous leurs biens.;;;;;;;;;;x
EVTOPTA1000109072;Why not? They won’t need their belongings in the afterlife.;Pourquoi pas ? Ils n'auront pas besoin de leurs biens dans l'au-delà.;;;;;;;;;;x
EVTOPTB1000109072;No. We should give them a proper burial.;Non. Nous devrions leur donner un enterrement approprié.;;;;;;;;;;x
EVTDESC1000109061;A small band of robbers foolishly attacked me while I was surveying my realm! My bodyguards easily defeated them, and the survivors are now at my mercy.;Une petite bande de voleurs m'ont brutalement attaqué alors que je surveillais mon royaume ! Mes gardes du corps les ont facilement vaincus, et les survivants sont maintenant à ma merci.;;;;;;;;;;x
EVTOPTA1000109061;Release and make them vow to find honest jobs.;Relâchez-les et trouvez-leurs des emplois honnêtes.;;;;;;;;;;x
EVTOPTB1000109061;Imprison them.;Emprisonnez-les.;;;;;;;;;;x
EVTOPTC1000109061;Execute them on the spot!;Exécutez-les sur place !;;;;;;;;;;x
EVTDESC1000109062;I and my party come across the skeleton, half-buried in the mud, its hand still clinging onto a sword. This dead man must have bravely fought to the death before meeting an unfortunate end. Perhaps we should give him a proper burial?;Moi et mon groupe venons de trouver un squelette enterré dans la boue, sa main toujours accrochée à une épée. Ce mort doit avoir lutté courageusement jusqu'à la mort avant de rencontrer une fin malheureuse. Peut-être devrions-nous lui donner une véritable sépulture ?;;;;;;;;;;x
EVTOPTA1000109062;Let’s give him a proper burial, first.;Donnez-lui une bombe funéraire, d'abord.;;;;;;;;;;x
EVTOPTB1000109062;Pray for his soul and move on.;Prions pour son âme et continuons.;;;;;;;;;;x
EVTTOOLTIP1000109075;[Root.GetTitledFirstName] and [Root.GetHerHis] bury the skeleton and then set up camp for the night.;[Root.GetTitledFirstName] enterre le squelette et établit son camp pour la nuit.;;;;;;;;;;x
EVTDESC1000109075;Saddened that such a man did not receive a proper burial, you decide to properly bury the skeleton yourself. That night, the ghost of the fallen man comes to you in a dream. Thanking for your kindness, he tells you of a small treasure he buried, and its location.;Attristé qu'un tel homme n'ait pas reçu une véritable sépulture, vous décidez de bien enterrer vous-même le squelette. Cette nuit-là, le fantôme de l'homme déchu vient à vous dans un rêve. En remerciant votre gentillesse, il vous parle d'un petit trésor qu'il a enterré et de son emplacement.;;;;;;;;;;x
EVTOPTA1000109075;So... he said walk five hundred steps to the north...;Alors ... il a dit marcher 500 pas vers le nord ...;;;;;;;;;;x
EVTOPTB1000109075;It would be dishonorable to steal such a treasure.;Il serait déshonorant de voler un tel trésor.;;;;;;;;;;x
EVTDESC1000109063;While surveying the realm, you stay at a small outpost one night. However, you can’t help notice how it is falling into disrepair. Discussing the matter with the outpost’s commander, you learn the outpost doesn’t have the funds for a renovation.;Tout en passant en revue le royaume, vous restez dans un petit avant-poste une nuit. Cependant, vous ne pouvez pas vous informer de la dégradation de la situation. En discuter avec le commandant de l'avant-poste, vous apprenez que l'avant-poste n'a pas les fonds nécessaires à une rénovation.;;;;;;;;;;x
EVTOPTA1000109063;How unfortunate.;Quel malheur.;;;;;;;;;;x
EVTOPTB1000109063;Give the outpost some funds from your treasury.;Donnez à l'avant-poste quelques fonds de votre trésorerie.;;;;;;;;;;x
EVTOPTC1000109063;Bring in expert builders and resources from afar.;Apportez des experts et de très bonnes ressources.;;;;;;;;;;x
EVTDESC1000109064;You have come to one of the larger settlements in your realm. Tired from all your traveling, you decide to visit the city’s pleasure quarters.;Vous êtes arrivé à l'une des plus grandes colonies dans votre royaume. Fatigué de tous vos déplacements, vous décidez de visiter les quartiers de plaisance de la ville.;;;;;;;;;;x
EVTOPTA1000109064;To the whorehouse!;À la maison close !;;;;;;;;;;x
EVTOPTB1000109064;I’ll just get a drink.;Je vais juste boire un verre.;;;;;;;;;;x
EVTOPTC1000109064;A walk and fresh air is enough.;Une promenade et de l'air frais est suffisant.;;;;;;;;;;x
EVTOPTD1000109064;I should go pray at the local church instead.;Je devrais aller prier à l'église locale à la place.;;;;;;;;;;x
EVTOPTE1000109064;I should go pray at the local mosque instead.;Je devrais aller prier à la mosqué locale à la place.;;;;;;;;;;x
EVTOPTF1000109064;I should go pray at the local temple instead.;Je devrais aller prier au temple locale à la place.;;;;;;;;;;x
EVTDESC1000109065;Tonight I am staying in one of the fortresses of my realm. It is a mighty fortress, built with the sturdiest wood and toughest stone, yet to your horror you learn that the warriors guarding this fort are horridly incompetent and untrained - they can’t even hold their swords and spears the right way!;Ce soir, je reste dans l'une des forteresses de mon royaume. C'est une forteresse puissante, construite avec le bois le plus robuste et la pierre la plus dure, mais vous apprenez avec horreur, que les guerriers qui gardent ce fort sont horriblement incompétents et sans formation - ils ne peuvent même pas tenir leurs épées dans le bon sens !;;;;;;;;;;x
EVTOPTA1000109065;Give funds to assist these soldiers.;Donnez des fonds pour aider ces soldats.;;;;;;;;;;x
EVTOPTB1000109065;Bring soldiers and supplies from elsewhere to help.;Apportez des soldats et des fournitures d'ailleurs pour les aider.;;;;;;;;;;x
EVTOPTC1000109065;I should help train these fellows myself!;Je devrais aider former ces soldats moi-même !;;;;;;;;;;x
EVTDESC1000109066;Your journey through your realm continues. Up ahead, you spot a dirty, impoverished village. Although it is almost night time, and you must find a place to rest, a member of your entourage suggests you move on. “After all, we shouldn’t mingle with these disgusting peasants.”;Votre voyage à travers votre royaume continue. Droit devant vous, se trouve un village sale et appauvri. Bien que ce soit presque la nuit, et vous devez trouver un endroit pour vous reposer, un membre de votre entourage vous propose de passer à autre chose. "Après tout, nous ne devrions pas nous mêler à ces paysans dégoûtants.";;;;;;;;;;x
EVTOPTA1000109066;Dirty or not, we’ll rest here tonight.;Sale ou pas, nous allons nous reposer ici ce soir.;;;;;;;;;;x
EVTOPTB1000109066;Let’s leave this stinkhole!;Laissons ce gouffre !;;;;;;;;;;x
EVTTOOLTIP1000109067;[Root.GetTitledFirstName] rests in the village for the night.;[Root.GetTitledFirstName] se repose dans le village pour la nuit.;;;;;;;;;;x
EVTDESC1000109067;Your stay at the impoverished village was worse than you imagined - all the mud, insects, manure, and unidentifiable substances! However, the villagers, honored by your presence, decide to present you with small gifts as you are about to leave.;Votre séjour dans le village appauvri était pire que ce que vous avez imaginé - toute la boue, les insectes, le fumier et les substances non identifiables ! Cependant, les villageois, honorés par votre présence, décident de vous présenter de petits cadeaux alors que vous allez partir.;;;;;;;;;;x
EVTOPTA1000109067;Refuse it - they need it more than me.;Refusez - ils en ont besoin plus que moi.;;;;;;;;;;x
EVTOPTB1000109067;Thank you very much.;Merci beaucoup.;;;;;;;;;;x
EVTOPTC1000109067;I demand more!;J'en demande plus !;;;;;;;;;;x
EVTOPTD1000109067;Let’s give them some of our belongings instead.;Donnez-leur quelques-uns de nos biens.;;;;;;;;;;x
EVTDESC1000109068;Today I am visiting a holy site in my realm. I’ve just arrived, and someone should be showing me around this place anytime soon...;Aujourd'hui, je visite un site sacré dans mon royaume. Je viens d'arriver, et quelqu'un devrait me montrer les alentour de cet endroit ...;;;;;;;;;;x
EVTOPTA1000109068;Pray for a while.;Priez pendant un certain temps.;;;;;;;;;;x
EVTOPTB1000109068;Pray all day long.;Priez toute la journée.;;;;;;;;;;x
EVTOPTC1000109068;Offer donations.;Offrir des dons.;;;;;;;;;;x
EVTOPTD1000109068;Let’s move on, who cares about this nonsense.;Passons, qui se soucie de ces absurdités.;;;;;;;;;;x
EVTDESC1000109069;Today I am stopping by one of my vassal’s residences. However, the food prepared doesn’t taste that good, to be honest. I almost vomited, but managed to trick my host into thinking I was choking on something.;Aujourd'hui, je m'arrête à l'une des résidences de mon vassal. Cependant, les aliments préparés ne sont pas si bon, pour être honnête. J'ai presque vomi, mais j'ai réussi à tromper mon hôte en pensant que j'étais étouffé par quelque chose.;;;;;;;;;;x
EVTOPTA1000109069;Thank you for the great food!;Merci de cette excellente cuisine !;;;;;;;;;;x
EVTOPTB1000109069;This ‘food’ tastes worse than manure.;Cette "nourriture" a un goût pire que le fumier.;;;;;;;;;;x
EVTOPTC1000109069;I’ll help them find better food supplies.;Je vais les aider à trouver de meilleurs approvisionnements alimentaires.;;;;;;;;;;x
EVTOPTD1000109069;I don’t mind the taste. It’s just... different.;Je m'en fout du goût. C'est juste ... différent.;;;;;;;;;;x
EVTDESC1000109080;While traveling in the forest, you come across a lost child. Crying, the little girl says she was playing with her friends in the forest when she got lost, and she hasn’t been home in several days. After giving her a bit of food, she tells you that she lives in a nearby settlement.;En voyageant dans la forêt, vous rencontrez un enfant perdu. En criant, la petite fille dit qu'elle jouait avec ses amis dans la forêt quand elle s'est perdue, et elle n'est pas rentrée chez elle depuis plusieurs jours. Après lui avoir donné un peu de nourriture, elle vous dit qu'elle vit dans un établissement voisin.;;;;;;;;;;x
EVTOPTA1000109080;Leave her. She deserves it.;Laissez-la. Elle le mérite.;;;;;;;;;;x
EVTOPTB1000109080;Let’s help the poor child find her way back.;Aidons la pauvre fille à rentrer chez elle.;;;;;;;;;;x
EVTTOOLTIP1000109081;[Root.GetTitledFirstName] and [Root.GetHerHis] entourage escort the little girl back to town.;[Root.GetTitledFirstName] et son entourage escortent la petite fille à rentrer chez elle.;;;;;;;;;;x
EVTDESC1000109081;You escort the little girl back to a nearby city, and learn that her father is in fact one of the wealthiest merchants in the city. Crying tears of joy, the merchant tightly embraces his daughter, before offering you a great reward for finding his little girl.;Vous accompagnez la petite fille dans une ville voisine et découvrez que son père est en fait l'un des marchands les plus riches de la ville. Plein de larmes de joie, le marchand embrasse serrement sa fille, avant de vous offrir une excellente récompense pour avoir trouver sa petite fille.;;;;;;;;;;x
EVTOPTA1000109081;No need for the reward, I’m only doing my duty.;Pas besoin de récompense, je n'ai fais que mon devoir.;;;;;;;;;;x
EVTOPTB1000109081;Why thank you, I am such a good person.;Pourquoi remercier, je suis une bonne personne.;;;;;;;;;;x
EVTOPTC1000109081;Don’t worry about it, my children are crazy too.;Ne vous inquiétez pas, mes enfants sont fous aussi.;;;;;;;;;;x
EVTDESC1000109082;While staying at one of the local holdings, I’ve met a talented guard captain. He is quite capable in military matters, despite having lowborn peasants.;En restant à l'une des exploitations locales, j'ai rencontré un talentueux capitaine de garde. Il est tout à fait capable en matière militaire, en dépit d'avoir d'être paysans.;;;;;;;;;;x
EVTOPTA1000109082;Impressive. You set an example for us all.;Impressionnant. Vous nous avez donné l'exemple.;;;;;;;;;;x
EVTOPTB1000109082;Why don’t you come to my court?;Pourquoi ne pas venir à ma cour ?;;;;;;;;;;x
EVTDESC1000109083;While traveling, your entourage come across what first appears to be soldiers of your realm. After talking with them for a while, you realize they are bandits masquerading as your own soldiers! Where could they have stolen their disguises?;En voyageant, votre entourage rencontre ce qui semble être des soldats de votre royaume. Après avoir parlé avec eux pendant un certain temps, vous vous rendez compte que ce sont des bandits déguisé comme vos propres soldats ! Où ont-ils volé leurs déguisements ?;;;;;;;;;;x
EVTOPTA1000109083;Arrest them!;Arrêtez les !;;;;;;;;;;x
EVTDESC1000109084;Today I am resting at one of my realm’s cities. Sitting near the window, I can hear the many conversations townspeople are having outside - the gossip, the rumors, the fears, the hopes, the anger, the happiness, the sadness... There are so many interesting things they say to each other!;Aujourd'hui, je me repose dans l'une des villes de mon royaume. Assis près de la fenêtre, je peux entendre les nombreuses conversations que les gens de la ville ont à l'extérieur: les ragots, les rumeurs, les peurs, les espoirs, la colère, le bonheur, la tristesse ... Il y a tellement de choses intéressantes qu'ils se racontent !;;;;;;;;;;x
EVTOPTA1000109084;Did you know one of the guards used to be an adventurer...;Saviez-vous qu'un des gardiens était un aventurier ...;;;;;;;;;;x
EVTDESC1000109085;Today I am resting at one of my realm’s villages. Sitting near the window, I can hear the many conversations peasants are having outside. Frankly, though, it’s a little hard to understand the peasants, given they are uneducated and can’t express themselves well, but it’s educational nevertheless.;Aujourd'hui, je me repose dans l'une des villes de mon royaume. Assis près de la fenêtre, je peux entendre les nombreuses conversations que les gens de la ville ont à l'extérieur. Franchement, il est un peu difficile de comprendre les paysans, étant donné qu'ils sont sans instruction et ne peuvent pas s'exprimer bien, mais c'est néanmoins éducatif.;;;;;;;;;;x
EVTOPTA1000109085;Someone saw a crab in the mud the other day, horrible creature.;Quelqu'un a vu un crabe dans la boue l'autre jour, horrible créature.;;;;;;;;;;x
EVTDESC1000109086;Today while my entourage and I stopped in one of my realm’s villages, one of the inhabitants ran up to me. He whispered to you how he needed your help, how everybody in the village was conspiring against him. “Come meet midnight behind that building there,” he says. “I’ll tell more. We must not be seen!”;Aujourd'hui, alors que mon entourage et moi nous sommes arrêtés dans l'un des villages de mon royaume, l'un des habitants a couru vers moi. Il vous a dit combien il avait besoin de votre aide, comment tout le monde dans le village conspirait contre lui. "Venez me rencontrer à minuit derrière ce bâtiment là-bas", dit-il. "Je vais vous en dire plus. On ne doit pas être vu !";;;;;;;;;;x
EVTOPTA1000109086;Ignore the madman and move on.;Ignorez le fou et continuez.;;;;;;;;;;x
EVTOPTB1000109086;Well, I don’t see what harm can come of this.;Eh bien, je ne vois pas quel dommage il peut y avoir.;;;;;;;;;;x
EVTTOOLTIP1000109087;[Root.GetTitledFirstName] meets the town eccentric behind the large building at night.;[Root.GetTitledFirstName] rencontre l'excentrique derrière le grand bâtiment pendant la nuit.;;;;;;;;;;x
EVTDESC1000109087;As the day progressed, you asked the villagers about this madman. They say he’s just the town eccentric, a harmless fool. Nevertheless, when you meet him at midnight, he insists that the villagers are about to kill him. Taking out a large axe, he requests you give him permission to kill them all.;À mesure que la journée a progressé, vous avez demandé aux villageois à propos de ce fou. Ils disent qu'il est juste excentrique, un imbécile inoffensif. Néanmoins, quand vous le rencontrez à minuit, il insiste sur le fait que les villageois sont sur le point de le tuer. En prenant une grande hache, il vous demande de lui donner la permission de les tuer tous.;;;;;;;;;;x
EVTOPTA1000109087;Guards! Arrest him! Now!;Gardes ! Arrêtez-le ! Maintenant !;;;;;;;;;;x
EVTOPTB1000109087;Ah, let him be, he looks harmless.;Ah, laisse-le, il semble inoffensif.;;;;;;;;;;x
EVTDESC1000109088;While on the road, you come across a traveling merchant who specializes in exotic sweets and delicacies from other lands. Currently he is selling off some of his baklava - syrupy pastries from the eastern Mediterranean - and offers you some at a discount.;Alors que sur la route, vous rencontrez un marchand ambulant spécialisé dans les friandises exotiques et les délices d'autres pays. À l'heure actuelle, il vend ses baklavas de la Méditerranée orientale, et vous propose des rabais.;;;;;;;;;;x
EVTOPTA1000109088;I’ll buy some. What is this baklava stuff, anyways?;J'en achèterai un peu. Qu'est-ce que ce baklava, de toute façon ?;;;;;;;;;;x
EVTOPTB1000109088;I’ll buy some. Baklava is great!;J'en achèterai un peu. Ce baklava est formidable !;;;;;;;;;;x
EVTOPTC1000109088;I’ll try one or two.;Je vais en essayer un ou deux.;;;;;;;;;;x
EVTOPTD1000109088;No, I’m not interested.;Non, ça ne m'intéresse pas.;;;;;;;;;;x
EVTDESC1000109089;Today I am traveling alongside some farmland. Suddenly, I come across one of the city boys harassing a pretty peasant girl. Apparently it seems like this fool is trying too hard to win the affections of this girl. Perhaps I should intervene in this amusing scene.;Aujourd'hui, je voyage à côté de certaines terres agricoles. Soudain, je rencontre un des garçons de la ville qui harcèle une belle paysanne. Apparemment, il semble que ce fou essaye de gagner l'affections de cette fille. Peut-être devrais-je intervenir dans cette scène amusante.;;;;;;;;;;x
EVTOPTA1000109089;You, boy, stop harassing that girl!;Vous, garçon, arrêtez de harceler cette fille !;;;;;;;;;;x
EVTOPTB1000109089;You, boy - learn how to woo a lady properly.;Vous, garçon, apprenez à séduire une fille.;;;;;;;;;;x
EVTOPTC1000109089;They remind me of my younger self.;Ils me rappellent moi plus jeune.;;;;;;;;;;x
EVTOPTD1000109089;Bring the pretty girl to my camp tonight whether she likes it or not.;Apportez la jolie fille à mon camp ce soir, qu'elle l'aime ou non.;;;;;;;;;;x
EVTDESC1000109090;As I travel on the road today, I’ve come across a wandering musician. He says he can play me a good song if I spare him a coin or two.;En voyageant sur la route aujourd'hui, j'ai rencontré un musicien errant. Il dit qu'il peut me jouer une bonne chanson si je lui épargne une ou deux pièces.;;;;;;;;;;x
EVTOPTA1000109090;Bah, who wants to hear your noise?;Bah, qui veut entendre ton bruit ?;;;;;;;;;;x
EVTOPTB1000109090;Sure, sure - sing, my good man.;Bien sûr, bien sûr, chantez, mon bonhomme.;;;;;;;;;;x
EVTTOOLTIP1000109091;Listen to the musician sing.;Écoutez le musicien chanter.;;;;;;;;;;x
EVTDESC1000109091;The musician’s song is beautiful indeed, an epic, lyrical tale of heroes and villains, love and war, and too many other things to name. ;La chanson du musicien est vraiment belle, un conte épique et lyrique de héros et de méchants, d'amour et de guerre, et d'autres choses à nommer.;;;;;;;;;;x
EVTOPTA1000109091;Thank you!;Merci !;;;;;;;;;;x
EVTDESC1000109092;Having traveled for several days, you come across a large estate. Hundreds of peasants are out in the fields, working hard to ensure the crops are taken care of in a proper manner. It is quite a wonder to see where all your food comes from.;Après avoir voyagé pendant plusieurs jours, vous rencontrez une vaste possession. Des centaines de paysans sont dans les champs, travaillant dur pour s'assurer que les cultures sont bien entretenues. Il est tout à fait merveilleux de voir d'où vient toute votre nourriture.;;;;;;;;;;x
EVTOPTA1000109092;This is the glory of [Root.Religion.GetRandomGodName] at work.;C'est pour la gloire de [Root.Religion.GetRandomGodName].;;;;;;;;;;x
EVTOPTB1000109092;An amazing testament of the power of men.;Un témoignage incroyable du pouvoir des hommes.;;;;;;;;;;x
qimatheliar.1.desc;Qi Ma says, “Norse are so serious about beards. So many beards. Qi Ma thinks they wish they had glorious beards like the Byzantines.”;Qi Ma dit : "Les Nordiques sont si sérieux à propos de la barbe. Tant de barbes. Qi Ma pense qu'ils souhaitent avoir des barbes glorieuses comme les Byzantins.";;;;;;;;;;x
qimatheliar.1.a;Who knows?;Qui sait ?;;;;;;;;;;x
qimatheliar.2.desc;Qi Ma says, “Some say the Mongols are invincible. Some say Qi Ma is a liar. Don’t you believe either of those things.”;Qi Ma dit : "Certains disent que les Mongols sont invincibles. Certains disent que Qi Ma est un menteur. Ne croyez pas ce genre de choses.";;;;;;;;;;x
qimatheliar.2.a;Well…;Ben ...;;;;;;;;;;x
qimatheliar.3.desc;Qi Ma says, “Some people think there can only be one empire called the Roman Empire. Others say there should only be two or three empires. Yet others say empires can be anywhere. Qi Ma thinks this is silly. Everybody knows the only empire in the world is China!”;Qi Ma dit : "Certaines personnes pensent qu'il ne peut y avoir qu'un empire appelé l'Empire Romain. D'autres disent qu'il ne devrait y avoir que deux ou trois empires. D'autres encore disent que les empires peuvent être n'importe où. Qi Ma pense que c'est stupide. Tout le monde sait que le seul empire dans le monde est la Chine !";;;;;;;;;;x
qimatheliar.3.a;I see...;Je vois ...;;;;;;;;;;x
qimatheliar.4.desc;Qi Ma says, “Qi Ma has heard it is dangerous to be the brother of a Mohammedan Sultan because their subjects hate rulers who have too many brothers, nephews, cousins, or uncles!”;Qi Ma dit : "Qi Ma a entendu dire qu'il est dangereux d'être le frère d'un sultan musulman parce que leurs sujets détestent les dirigeants qui ont trop de frères, de neveux, de cousins ou d'oncles !";;;;;;;;;;x
qimatheliar.4.a;It is unusual indeed.;C'est inhabituel en effet.;;;;;;;;;;x
qimatheliar.4.b;Hey, I like it that way!;Hé, j'aime ce façon de chose !;;;;;;;;;;x
qimatheliar.5.desc;Qi Ma says, “Qi Ma's father was also called Qi Ma. As was Qi Ma's father's father. At least, that's what his father said.”;Qi Ma dit : "Le père de Qi Ma était aussi appelé Qi Ma. Comme le père du père de Qi Ma. Du moins, c'est ce que dit son père.";;;;;;;;;;x
qimatheliar.5.a;What about your father’s father’s father?;Et le père de votre père ?;;;;;;;;;;x
VIETsurvey.1.desc;Today we just left a small and quaint town, and are now about to cross a small stream. I decide to rest for a bit near this stream, which locals say has healing properties. After drinking some water from it, I suddenly feel refreshed. It’s like as if I awoke from a wonderful nap!;Aujourd'hui, nous avons quitté une petite ville pittoresque et nous sommes sur le point de traverser un petit ruisseau. Je décide de me reposer un peu près de ce courant, les locaux disent que la rivière a des propriétés curatives. Après avoir bu de l'eau, je me sens soudainement rafraîchi. C'est comme si je me suis réveillé d'une sieste merveilleuse !;;;;;;;;;;x
VIETsurvey.1.a;Amazing!;Incroyable !;;;;;;;;;;x
VIETsurvey.1.b;The water just happens to be very pure, I think.;L'eau est tout simplement pure, je pense.;;;;;;;;;;x
VIETsurvey.1.c;The stream appears to originate from a mountainous region that...;Le courant semble provenir d'une région montagneuse qui ...;;;;;;;;;;x
VIETsurvey.2.desc;While visiting one of the cities in your realm, you decide to go to a local tavern in cognito. You happen to hear one man criticizing your rule. His arguments and solutions are interesting, though. Even more impressively, he isn’t terrified at all when you reveal yourself and threaten him with punishment.;En visitant l'une des villes de votre royaume, vous décidez d'aller à une taverne locale incognito. Vous avez entendu un homme qui vous critique. Ses arguments et ses solutions sont cependant intéressants. Encore plus impressionnant, il n'est pas terrifié quand vous vous révélerez et le menace de le punir.;;;;;;;;;;x
VIETsurvey.2.a;An interesting man! I should bring him to my court.;Un homme intéressant ! Je devrais l'amener chez moi.;;;;;;;;;;x
VIETsurvey.2.b;He shall be arrested and taken to the local prison.;Il sera arrêté et emmené à la prison locale.;;;;;;;;;;x
VIETsurvey.2.c;His ideas are good - I should recommend him to the mayor.;Ses idées sont bonnes - je devrais le recommander au maire.;;;;;;;;;;x
VIETsurvey.3.desc;In one of the towns you visit, people are complaining about the local tax collector. They say he extorts more taxes than you require, and even keeps a small amount for himself.;Dans une des villes que vous visitez, les gens se plaignent du percepteur local. Ils disent qu'il extorque plus d'impôts que vous en avez besoin, et même qu'il conserve un petit montant pour lui-même.;;;;;;;;;;x
VIETsurvey.3.a;What a terrible person! We should imprison him at once.;Quelle personne terrible ! Nous devrions l'emprisonner.;;;;;;;;;;x
VIETsurvey.3.b;Why should I care? I’m still getting the taxes I want.;Pourquoi devrais-je m'en soucier ? Je reçois toujours les taxes que je veux.;;;;;;;;;;x
VIETsurvey.4.desc;Today I visit one of my vassals, and we discuss various local issues affecting his domain, be it the ability of his levies, the amount of food his land can produce, the amount of trade that goes through, and so on.;Aujourd'hui, je visite un de mes vassaux, et nous discutons de diverses questions locales qui affectent son domaine, qu'il s'agisse de ses prélèvements, de la quantité de nourriture qu'il peut produire, de la quantité de commerçant qui passe, etc.;;;;;;;;;;x
VIETsurvey.4.a;Interesting. Can you tell me more about…;Intéressant. Pouvez-vous m'en dire plus sur ...;;;;;;;;;;x
VIETsurvey.5.desc;Your party comes across a traveling noble and his bodyguards. Oddly, the noble doesn’t seem to recognize you, perhaps because he appears to be a rather low-ranked one who has never met you. The road is small, and the fool insists that you move over to let him pass, saying, “Lesser men like you should defer to us!”;Votre groupe rencontre un noble voyageur et ses gardes du corps. Curieusement, le noble ne semble pas vous reconnaître, peut-être parce qu'il semble être un peu moins classé qu'il ne vous a jamais rencontré. La route est petite, et l'imbécile insiste sur le fait que vous vous déplacez pour le laisser passer, en disant : "Des hommes d'origine roturière comme vous devaient nous laisser passer !";;;;;;;;;;x
VIETsurvey.5.a;Very well, it’s no matter.;Très bien, ce n'est pas grave.;;;;;;;;;;x
VIETsurvey.5.b;“Lesser”? How dare you address your superiors like that!;"Roturière" ? Comment ose-t-il s'adresser de cette manière !;;;;;;;;;;x
VIETsurvey.5.c;Imprison him for his insolence!;Emprisonnez-le pour son insolence !;;;;;;;;;;x
VIETsurvey.6.desc;I just met a local patrol, who had just taken care of some highwaymen that had been terrorizing the nearby roads for weeks. As they dispose of the corpses, I congratulate them for their good work.;Je viens de rencontrer une patrouille locale, qui venait de prendre soin de quelques bandits de grande route qui terrorisaient la région depuis des semaines. Comme ils ont des cadavres comme preuve, je les félicite pour leur bon travail.;;;;;;;;;;x
VIETsurvey.6.a;It is nice to see that my realm’s soldiers are competent.;Il est agréable de voir que les soldats de mon royaume sont compétents.;;;;;;;;;;x
VIETsurvey.7.desc;Today I met one of the nobles of my realm, who was traveling on some personal business. As it so happened we decided to camp together for the night, as larger numbers would deter bandits. We discussed some of the happenings of the realm, as well as what we were doing.;Aujourd'hui, j'ai rencontré un des nobles de mon royaume, qui voyageait pour des affaires personnelles. Nous avons décidé de camper ensemble pour la nuit. Nous avons discuté de certains événements du royaume, ainsi que de ce que nous faisions.;;;;;;;;;;x
VIETsurvey.7.a;Our conversation was very pleasant.;Notre conversation a été très agréable.;;;;;;;;;;x
VIETsurvey.8.desc;While traveling, I’ve been talking a lot with one of the lesser knights accompanying me. We don’t agree on everything, but I’ve found our conversations fruitful and delightful.;En voyageant, j'ai beaucoup parlé avec l'un des plus petits chevaliers qui m'accompagnaient. Nous ne sommes pas d'accord sur tout, mais j'ai trouvé nos conversations fructueuses et délicieuses.;;;;;;;;;;x
VIETsurvey.8.a;You should come to my court and stay with me!;Vous devriez venir à ma cour et rester avec moi !;;;;;;;;;;x
VIETsurvey.8.b;I’ve learned a lot about how my realm’s soldiers are doing.;J'ai beaucoup appris sur la façon dont les soldats de mon royaume font.;;;;;;;;;;x
VIETsurvey.9.desc;We came across an old, abandoned mine today. Who knows how prosperous it was when it was still in operation centuries ago? Regardless, there wasn’t much to see, but I did find a few valuable stones lying around.;Nous avons rencontré une ancienne mine abandonnée aujourd'hui. Qui sait combien elle était si prospère quand il était encore opérationnel il y a des siècles ? Quoi qu'il en soit, il n'y avait pas beaucoup de chose à voir, mais j'ai trouvé quelques pierres précieuses.;;;;;;;;;;x
VIETsurvey.9.a;I suppose these are worth a bit.;Je suppose que cela en vaut la peine.;;;;;;;;;;x
VIETsurvey.10.desc;Wishing to understand how the peasants are doing, I talk to some in one of my realm’s villages. Some are very scared, others polite and careful, yet others friendly and cordial (as if I were their friend!). One, however, told me of how his family recently suffered from a house fire and lost everything.;Désireux de comprendre comment les paysans font, je parle à certains dans les villages de mon royaume. Certaines sont très effrayées, d'autres polies et attentionnées, d'autres encore amicales et cordiales (comme si j'étais leur ami). L'un, cependant, m'a raconté comment sa famille a récemment souffert d'un feu de maison et a tout perdu.;;;;;;;;;;x
VIETsurvey.10.a;A sad tale. Hopefully you’ll survive!;Un triste conte. J'espère que vous survivrez !;;;;;;;;;;x
VIETsurvey.10.b;I can offer a bit of gold to help.;Je peux offrir un peu d'or pour vous aider.;;;;;;;;;;x
VIETsurvey.11.desc;You and your fellow travelers happen to meet with a small caravan of merchants. As it so happens, you both are headed to the same city. The merchants, seeing that you and your men are well-armed, request that you escort them to their destination. “The men we hired to protect us stole some of our goods and ran off,” they explain.;Vous et vos compagnons de voyage rencontrer une petite caravane de marchands. Vous vous dirigez tous deux dirigés vers la même ville. Les marchands, voyant que vous et vos hommes sont bien armés, vous demande de les escorter à leur destination. "Les hommes que nous avons engagés pour nous protéger ont volé certains de nos produits et ont couru", expliquent-ils.;;;;;;;;;;x
VIETsurvey.11.a;Very well, we will protect you.;Très bien, on va vous protéger.;;;;;;;;;;x
VIETsurvey.11.b;No, I don’t have time. You’ll slow us down.;Non, je n'ai pas le temps. Vous nous ralentissez.;;;;;;;;;;x
VIETsurvey.11.c;Help you? Why don’t we just take your goods instead!;Vous aider ? Pourquoi ne pas simplement prendre vos marchandises à la place !;;;;;;;;;;x
VIETsurvey.12.tooltip;Escort the merchants to the city nearby.;Escortez les marchands vers la ville à proximité.;;;;;;;;;;x
VIETsurvey.12.desc;As you approach the city gates, the lead merchant tells you, “Thank you so much for protecting us. We can take care of ourselves from here. We don’t have much, but we wish to offer a few of our valuable merchandise in return for your kindness.”;Lorsque vous approchez des portes de la ville, le marchand principal vous dit : "Merci beaucoup de nous avoir protégé. Nous pouvons nous en occuper à partir d'ici. Nous n'avons pas beaucoup, mais nous souhaitons offrir quelques-unes de nos marchandises précieuses en échange de votre gentillesse.";;;;;;;;;;x
VIETsurvey.12.a;Please keep that, you’ll need it more than me.;Gardez cela, vous en aurez besoin plus que moi.;;;;;;;;;;x
VIETsurvey.12.b;Thanks! It has been a pleasure.;Merci, ça a été un plaisir.;;;;;;;;;;x
VIETsurvey.13.desc;You happen to come to one of your realm’s villages. The villagers report that a number of troublesome bandits have been raiding their village for some time, but the local authorities haven’t bothered to send any men, being busy with other matters. They beg for you to assist them.;Vous arrivez à l'un des villages de votre royaume. Les villageois rapportent qu'un certain nombre de bandits gênants ont attaqué leur village il y a un certain temps, mais les autorités locales n'ont pas eu l'envie d'envoyer des hommes, occupés sur d'autres questions. Ils vous prient de les aider.;;;;;;;;;;x
VIETsurvey.13.a;I will send for a few of my soldiers as soon as I come home.;J'enverrai quelques-uns de mes soldats dès mon retour.;;;;;;;;;;x
VIETsurvey.13.b;Why should I care about you dirty commoners?;Pourquoi devrais-je me soucier de vos problèmes ?;;;;;;;;;;x
VIETsurvey.13.c;I feel obligated to teach them how to defend themselves.;Je me sens obligé de leur apprendre à se défendre.;;;;;;;;;;x
VIETsurvey.14.tooltip;You spend some time teaching the villagers basic fighting techniques and military discipline.;Vous passez du temps à enseigner aux villageois les techniques de combat de base et la discipline militaire.;;;;;;;;;;x
VIETsurvey.14.desc;Impressively, the newly raised militia learned a lot in a short time. Just as you finish a training session, the bandits come back and attack. Under your command the villagers defeat and kill many of them. You are very proud of the villagers - no longer will they live in fear!;De manière impressionnante, la nouvelle milice a beaucoup appris dans un court laps de temps. Alors que vous finissez une séance de formation, les bandits reviennent et attaquent. Sous votre commande, les villageois vaincre et tuer beaucoup d'entre eux. Vous êtes très fier des villageois, ils ne vivront plus dans la peur !;;;;;;;;;;x
VIETsurvey.14.a;Continue maintaining the militia, and you will do well.;Continuez à maintenir la milice, et vous allez bien continuer.;;;;;;;;;;x
VIETsurvey.15.desc;One of the young men who fought in the militia was impressed with your leadership ability, and while he isn’t of noble blood, wishes to serve under you. This man in particular was one of the more outstanding fighters during the battle against the bandits, slaying many.;L'un des jeunes hommes qui ont combattu dans la milice a été impressionné par votre capacité de chef militaire, et alors qu'il n'est pas de sang noble, il souhaite vous servir. Cet homme en particulier était l'un des combattants les plus remarquables lors de la bataille contre les bandits, en massacrant beaucoup.;;;;;;;;;;x
VIETsurvey.15.a;Your village needs you more than me.;Votre village a besoin de vous plus que moi.;;;;;;;;;;x
VIETsurvey.15.b;Good. You will bring your village much honor.;Bien. C'est un honneur.;;;;;;;;;;x
VIETsurvey.16.desc;My men and I come across some bandits on the road, and handily defeat them. While inspecting their stolen goods, we find a young girl tied up. After freeing her, she says she is from a nearby town but was kidnapped - her family, though, was unable to pay the ransom. She begs for you to escort her to town.;Mes hommes et moi rencontrons des bandits sur la route, et nous les avons vaincus. En inspectant leurs biens volés, nous trouvons une jeune fille attachée. Après l'avoir libéré, elle dit qu'elle vient d'une ville voisine mais a été enlevée - sa famille, cependant, n'a pas pu payer la rançon. Elle vous prie de l'accompagner en ville.;;;;;;;;;;x
VIETsurvey.16.a;I see. Let’s escort her back.;Je vois. Escortons-la.;;;;;;;;;;x
VIETsurvey.16.b;Men, leave us two alone. I want to have my way with this pretty thing.;Messieurs, laissez-nous seuls. Je veux montrer le chemin avec cette jolie chose.;;;;;;;;;;x
VIETsurvey.16.c;She’ll be a burden, so I wish her good luck finding your way back.;Elle sera un fardeau, alors je lui souhaite bonne chance pour retrouver votre chemin.;;;;;;;;;;x
VIETsurvey.17.desc;As you prepare to have your way with the girl, against her wishes, one of your guards - who you know as a bold young man with a great sense of justice and virtue - pleads for you to stop and control yourself.;Au fur et à mesure que vous avancez avec la jeune fille, contre son souhait, l'un de vos gardes - que vous connaissez comme un jeune homme audacieux avec un grand sens de la justice et de la vertu - vous prie de vous arrêter et de vous contrôler.;;;;;;;;;;x
VIETsurvey.17.a;You’re right. I’m… ashamed. Let’s just escort her back.;Vous avez raison. J'ai ... honte. Nous l'escorterons.;;;;;;;;;;x
VIETsurvey.17.b;How dare you question me? Begone and let me enjoy myself.;Comment osez-vous me questionner ? Laissez-moi m'amuser.;;;;;;;;;;x
VIETsurvey.18.desc;xxxxx;xxxxx;;;;;;;;;;x
VIETsurvey.18.a;xxxxx;xxxxx;;;;;;;;;;x
